,perc_secondary_enrollment,ease_of_business,Mean Consumption,perc_protected_territory_land,Pop % Below 5M,gini_index,income_share_top10,Poverty Headcount Ratio,days_for_electricity,ren_water_resources_percap,Net Migration,perc_urban_pop_in_slums,cpia_management_score,bank_capital_to_assets,bank_nonperf_to_totalgrossloans,high_tech_perc_manu_export,perc_primary_enrollment,pm2.5_mean_annual_exposure,atm_per_100k,gov_dept_perc_gdp,Renewable Output to Total Energy,Electricity Access,% Final Energy from Renewables,med_high_perc_manufacturing_val_added,labor_force,gni_per_cap_ppp,gdp_per_cap_ppp,Forest,perc_forest_land_area,refugee_pop_origin,kwh_elect_cons,net_energy_imports_touse,alt_nuc_energy_perc_total_use,fossil_cons_perc_total,Energy Use (kgoilpercap),number_domestic_companies,Food Production,co2_emission,methane_emissions,expense_perc_gdp,perc_arable_land_area,Agricultural Land,Fertilizer Consumption,Arable Land,nitrousoxide_emissions,Cereal Yield (kghectare),dev_assistance_received,refugee_pop,gdp_growth,Population,perc_real_interestrate,0-14_perc_pop,Life Expectancy,land_area_sqkm,gni,Urban Population,Total Reserves,Country,Percent Rural Pop,external_debt_stock_perc_gdp,GDP,CommonCol,Total Deaths,Total Affected,CPI,Start Month,End Month,End Year,Frequency,tmean,tmin,tmax,pr,perc_agfishfor_val_added,goods_serv_import_perc_gdp,% Urban Population,gdp_per_cap,goods_serv_export_perc_gdp,fdi_net_inflow,consumer_inflation,savings_perc_gdp,balance_of_accounts,ore_metal_exports_perc_merchexport,gdp_per_cap_growth,Start Year,remittances_received,gni_per_cap,Year
0,40.0,40.0,39.0,38.0,38.0,35.0,35.0,35.0,34.0,33.0,33.0,33.0,32.0,31.0,30.0,29.0,29.0,29.0,25.0,17.0,15.0,14.0,12.0,11.0,10.0,10.0,10.0,10.0,10.0,8.0,6.0,6.0,6.0,6.0,6.0,3.0,2.0,2.0,2.0,2.0,2.0,2.0,2.0,2.0,2.0,2.0,1.0,1.0,0.0,0.0,0.0,0.0,0.0,0.0,0.0,0.0,0.0,India,0.0,0.0,0.0,0.0,0.0,0.0,0.0,0.0,0.0,0.0,0.0,0.0,0.0,0.0,0.0,0.0,0.0,0.0,0.0,0.0,0.0,0.0,0.0,0.0,0.0,0.0,0.0,0.0,0.0,0.0
1,14.0,40.0,39.0,38.0,38.0,24.0,24.0,24.0,34.0,33.0,33.0,34.0,41.0,25.0,25.0,28.0,8.0,29.0,24.0,30.0,15.0,13.0,12.0,11.0,10.0,10.0,10.0,10.0,10.0,14.0,6.0,5.0,5.0,5.0,5.0,0.0,2.0,2.0,2.0,8.0,2.0,2.0,2.0,2.0,2.0,2.0,1.0,0.0,0.0,0.0,13.0,0.0,0.0,0.0,0.0,0.0,0.0,Mexico,0.0,0.0,0.0,0.0,0.0,0.0,0.0,0.0,0.0,0.0,0.0,0.0,0.0,0.0,0.0,0.0,0.0,0.0,0.0,0.0,0.0,0.0,0.0,0.0,1.0,0.0,0.0,0.0,0.0,0.0
2,41.0,40.0,39.0,38.0,38.0,24.0,24.0,24.0,34.0,33.0,33.0,34.0,41.0,34.0,30.0,27.0,30.0,29.0,26.0,41.0,15.0,21.0,12.0,11.0,10.0,10.0,10.0,10.0,10.0,0.0,6.0,6.0,6.0,6.0,6.0,15.0,2.0,2.0,2.0,41.0,2.0,2.0,2.0,2.0,2.0,2.0,1.0,0.0,0.0,0.0,0.0,0.0,0.0,0.0,0.0,0.0,0.0,China,0.0,1.0,0.0,0.0,0.0,0.0,0.0,0.0,0.0,0.0,0.0,0.0,0.0,0.0,0.0,0.0,0.0,0.0,0.0,0.0,0.0,7.0,2.0,2.0,8.0,0.0,0.0,2.0,0.0,0.0
3,27.0,40.0,39.0,38.0,38.0,19.0,19.0,19.0,30.0,33.0,33.0,33.0,41.0,25.0,25.0,27.0,8.0,29.0,27.0,28.0,15.0,11.0,12.0,11.0,10.0,10.0,10.0,10.0,10.0,3.0,6.0,6.0,6.0,6.0,6.0,10.0,2.0,2.0,2.0,25.0,2.0,2.0,2.0,2.0,2.0,2.0,1.0,0.0,0.0,0.0,6.0,0.0,0.0,0.0,0.0,0.0,0.0,Colombia,0.0,0.0,0.0,0.0,0.0,0.0,0.0,0.0,0.0,0.0,0.0,0.0,0.0,0.0,0.0,0.0,0.0,0.0,0.0,0.0,0.0,0.0,0.0,0.0,3.0,0.0,0.0,0.0,0.0,0.0
4,36.0,40.0,39.0,38.0,38.0,33.0,33.0,33.0,30.0,33.0,33.0,41.0,29.0,31.0,31.0,29.0,22.0,29.0,32.0,16.0,15.0,22.0,12.0,11.0,10.0,10.0,10.0,10.0,10.0,5.0,6.0,6.0,6.0,6.0,6.0,13.0,2.0,2.0,2.0,11.0,2.0,2.0,2.0,2.0,2.0,2.0,1.0,11.0,0.0,0.0,22.0,0.0,0.0,0.0,0.0,0.0,0.0,Sri Lanka,0.0,0.0,0.0,0.0,0.0,0.0,0.0,0.0,0.0,0.0,0.0,0.0,0.0,0.0,0.0,0.0,0.0,0.0,0.0,0.0,0.0,0.0,0.0,0.0,7.0,0.0,0.0,0.0,0.0,0.0
5,6.0,40.0,39.0,38.0,38.0,21.0,21.0,21.0,30.0,33.0,33.0,41.0,41.0,28.0,28.0,27.0,5.0,29.0,24.0,41.0,15.0,11.0,12.0,11.0,10.0,10.0,10.0,10.0,10.0,14.0,6.0,5.0,5.0,5.0,5.0,2.0,2.0,2.0,2.0,1.0,2.0,2.0,2.0,2.0,2.0,2.0,41.0,0.0,0.0,0.0,41.0,0.0,0.0,0.0,0.0,0.0,0.0,France,0.0,41.0,0.0,0.0,0.0,0.0,0.0,0.0,0.0,0.0,0.0,0.0,0.0,0.0,0.0,0.0,0.0,0.0,0.0,0.0,0.0,0.0,0.0,0.0,0.0,0.0,0.0,0.0,0.0,0.0
6,32.0,40.0,39.0,38.0,38.0,15.0,15.0,15.0,30.0,33.0,33.0,36.0,41.0,26.0,26.0,27.0,37.0,29.0,25.0,15.0,15.0,21.0,12.0,11.0,10.0,10.0,10.0,10.0,10.0,10.0,6.0,6.0,6.0,6.0,6.0,0.0,2.0,2.0,2.0,1.0,2.0,2.0,2.0,2.0,2.0,2.0,1.0,0.0,0.0,0.0,2.0,0.0,0.0,0.0,0.0,0.0,0.0,Thailand,0.0,0.0,0.0,0.0,0.0,0.0,0.0,0.0,0.0,0.0,0.0,0.0,0.0,0.0,0.0,0.0,0.0,0.0,0.0,0.0,0.0,0.0,0.0,0.0,1.0,0.0,0.0,0.0,0.0,0.0
7,19.0,40.0,39.0,38.0,38.0,32.0,32.0,32.0,34.0,33.0,33.0,33.0,25.0,31.0,31.0,34.0,27.0,29.0,24.0,38.0,15.0,12.0,12.0,11.0,10.0,10.0,10.0,10.0,10.0,8.0,6.0,6.0,6.0,6.0,6.0,15.0,2.0,2.0,2.0,25.0,2.0,2.0,2.0,2.0,2.0,2.0,1.0,10.0,0.0,0.0,0.0,0.0,0.0,0.0,0.0,0.0,0.0,Bangladesh,0.0,0.0,0.0,0.0,0.0,0.0,0.0,0.0,0.0,0.0,0.0,0.0,0.0,0.0,0.0,0.0,0.0,0.0,0.0,0.0,0.0,7.0,0.0,0.0,16.0,0.0,0.0,0.0,0.0,0.0
8,41.0,40.0,41.0,38.0,38.0,38.0,38.0,38.0,34.0,33.0,33.0,41.0,41.0,41.0,41.0,27.0,41.0,29.0,24.0,14.0,15.0,11.0,12.0,11.0,10.0,10.0,10.0,10.0,10.0,18.0,6.0,5.0,5.0,5.0,5.0,0.0,2.0,2.0,2.0,41.0,2.0,2.0,2.0,2.0,2.0,2.0,41.0,0.0,0.0,0.0,16.0,0.0,0.0,0.0,0.0,0.0,0.0,Japan,0.0,41.0,0.0,0.0,0.0,0.0,0.0,0.0,0.0,0.0,0.0,0.0,0.0,0.0,0.0,15.0,0.0,0.0,0.0,0.0,0.0,0.0,16.0,16.0,0.0,0.0,0.0,6.0,0.0,0.0
9,34.0,40.0,39.0,38.0,38.0,25.0,25.0,25.0,30.0,33.0,33.0,39.0,41.0,25.0,25.0,27.0,17.0,29.0,24.0,41.0,15.0,11.0,12.0,11.0,10.0,17.0,17.0,10.0,10.0,11.0,6.0,5.0,5.0,5.0,5.0,0.0,2.0,2.0,2.0,11.0,2.0,2.0,2.0,2.0,2.0,2.0,41.0,0.0,18.0,0.0,21.0,0.0,0.0,0.0,19.0,0.0,0.0,Canada,0.0,41.0,0.0,0.0,0.0,0.0,0.0,0.0,0.0,0.0,0.0,0.0,0.0,0.0,0.0,19.0,0.0,0.0,0.0,0.0,0.0,0.0,0.0,0.0,0.0,18.0,0.0,15.0,19.0,0.0
10,23.0,40.0,39.0,38.0,38.0,13.0,13.0,13.0,34.0,33.0,33.0,33.0,39.0,25.0,25.0,30.0,7.0,29.0,24.0,20.0,11.0,12.0,12.0,11.0,10.0,10.0,10.0,10.0,10.0,0.0,1.0,6.0,6.0,6.0,6.0,0.0,2.0,2.0,2.0,6.0,2.0,2.0,2.0,2.0,2.0,2.0,1.0,0.0,0.0,0.0,6.0,0.0,0.0,0.0,0.0,0.0,0.0,Indonesia,0.0,0.0,0.0,0.0,0.0,0.0,0.0,0.0,0.0,0.0,0.0,0.0,0.0,0.0,0.0,3.0,0.0,0.0,0.0,0.0,0.0,0.0,1.0,1.0,1.0,0.0,0.0,3.0,0.0,0.0
11,17.0,40.0,39.0,38.0,38.0,17.0,17.0,17.0,30.0,33.0,33.0,34.0,41.0,30.0,30.0,28.0,11.0,29.0,24.0,25.0,15.0,13.0,12.0,11.0,10.0,10.0,10.0,10.0,10.0,8.0,6.0,6.0,6.0,6.0,6.0,13.0,2.0,2.0,2.0,1.0,2.0,2.0,2.0,2.0,2.0,2.0,1.0,0.0,0.0,0.0,5.0,0.0,0.0,0.0,0.0,0.0,0.0,Peru,0.0,0.0,0.0,0.0,0.0,0.0,0.0,0.0,0.0,0.0,0.0,0.0,0.0,0.0,0.0,11.0,0.0,0.0,0.0,0.0,0.0,0.0,0.0,0.0,5.0,0.0,0.0,10.0,0.0,0.0
12,30.0,40.0,39.0,38.0,38.0,28.0,28.0,28.0,34.0,33.0,33.0,33.0,25.0,33.0,25.0,28.0,24.0,29.0,25.0,35.0,15.0,19.0,12.0,11.0,10.0,10.0,10.0,10.0,10.0,8.0,6.0,6.0,6.0,6.0,6.0,21.0,2.0,2.0,2.0,41.0,2.0,2.0,2.0,2.0,2.0,2.0,1.0,0.0,0.0,0.0,24.0,0.0,0.0,0.0,0.0,0.0,0.0,Pakistan,0.0,0.0,0.0,0.0,0.0,0.0,0.0,0.0,0.0,0.0,0.0,0.0,0.0,0.0,0.0,0.0,0.0,0.0,0.0,0.0,0.0,0.0,0.0,0.0,3.0,0.0,0.0,0.0,0.0,0.0
13,32.0,40.0,39.0,38.0,38.0,5.0,5.0,5.0,34.0,33.0,33.0,33.0,41.0,25.0,25.0,27.0,25.0,29.0,24.0,30.0,15.0,11.0,12.0,11.0,10.0,10.0,10.0,10.0,10.0,2.0,6.0,6.0,6.0,6.0,6.0,0.0,2.0,2.0,2.0,31.0,2.0,2.0,2.0,2.0,2.0,2.0,1.0,0.0,0.0,0.0,17.0,0.0,0.0,0.0,0.0,0.0,0.0,Brazil,0.0,0.0,0.0,0.0,0.0,0.0,0.0,0.0,0.0,0.0,0.0,0.0,0.0,0.0,0.0,0.0,0.0,0.0,0.0,0.0,0.0,1.0,0.0,0.0,1.0,0.0,0.0,0.0,0.0,0.0
14,22.0,40.0,39.0,38.0,38.0,17.0,17.0,17.0,30.0,33.0,33.0,41.0,41.0,25.0,25.0,27.0,18.0,29.0,24.0,39.0,15.0,11.0,12.0,11.0,10.0,10.0,10.0,10.0,10.0,14.0,6.0,5.0,5.0,5.0,5.0,6.0,2.0,2.0,2.0,6.0,2.0,2.0,2.0,2.0,2.0,2.0,41.0,0.0,0.0,0.0,9.0,0.0,0.0,0.0,0.0,0.0,0.0,Italy,0.0,41.0,0.0,0.0,0.0,0.0,0.0,0.0,0.0,0.0,0.0,0.0,0.0,0.0,0.0,10.0,0.0,0.0,0.0,0.0,0.0,0.0,0.0,0.0,0.0,0.0,0.0,0.0,0.0,0.0
15,30.0,39.0,38.0,37.0,37.0,34.0,34.0,34.0,29.0,32.0,32.0,32.0,40.0,27.0,27.0,26.0,27.0,28.0,23.0,28.0,14.0,16.0,11.0,10.0,9.0,9.0,9.0,9.0,9.0,0.0,6.0,6.0,6.0,6.0,6.0,0.0,2.0,2.0,2.0,1.0,2.0,2.0,2.0,2.0,2.0,2.0,13.0,12.0,0.0,0.0,0.0,0.0,0.0,0.0,0.0,0.0,0.0,South Africa,0.0,13.0,0.0,0.0,0.0,0.0,0.0,0.0,0.0,0.0,0.0,0.0,0.0,0.0,0.0,0.0,0.0,0.0,0.0,0.0,0.0,0.0,0.0,0.0,6.0,0.0,0.0,0.0,0.0,0.0
16,12.0,39.0,38.0,37.0,37.0,20.0,20.0,20.0,29.0,33.0,33.0,32.0,40.0,24.0,24.0,26.0,9.0,28.0,24.0,22.0,14.0,30.0,11.0,10.0,9.0,9.0,9.0,9.0,9.0,2.0,6.0,5.0,5.0,5.0,5.0,5.0,2.0,2.0,2.0,9.0,2.0,2.0,2.0,2.0,2.0,2.0,1.0,0.0,0.0,0.0,40.0,0.0,0.0,0.0,0.0,0.0,0.0,Turkey,0.0,0.0,0.0,0.0,0.0,0.0,0.0,0.0,0.0,0.0,0.0,0.0,0.0,0.0,0.0,0.0,0.0,0.0,0.0,0.0,0.0,0.0,0.0,0.0,1.0,0.0,0.0,0.0,0.0,0.0
17,33.0,39.0,38.0,37.0,37.0,28.0,28.0,28.0,29.0,33.0,33.0,40.0,40.0,24.0,24.0,26.0,3.0,28.0,23.0,13.0,14.0,10.0,11.0,10.0,9.0,9.0,9.0,9.0,9.0,21.0,6.0,5.0,5.0,5.0,5.0,0.0,2.0,2.0,2.0,1.0,2.0,2.0,2.0,2.0,2.0,2.0,40.0,0.0,0.0,0.0,1.0,0.0,0.0,0.0,0.0,0.0,0.0,Australia,0.0,40.0,0.0,0.0,0.0,0.0,0.0,0.0,0.0,0.0,0.0,0.0,0.0,0.0,0.0,9.0,0.0,0.0,0.0,0.0,0.0,0.0,8.0,8.0,0.0,0.0,0.0,0.0,0.0,0.0
18,35.0,39.0,38.0,37.0,40.0,37.0,37.0,37.0,29.0,32.0,32.0,32.0,24.0,35.0,35.0,29.0,26.0,28.0,30.0,21.0,15.0,16.0,12.0,11.0,10.0,10.0,10.0,10.0,10.0,14.0,6.0,6.0,6.0,6.0,6.0,40.0,2.0,2.0,2.0,29.0,2.0,2.0,2.0,2.0,2.0,2.0,1.0,0.0,0.0,0.0,40.0,0.0,0.0,0.0,0.0,0.0,0.0,Nepal,0.0,0.0,0.0,0.0,0.0,0.0,0.0,0.0,0.0,0.0,0.0,0.0,0.0,0.0,0.0,0.0,0.0,0.0,0.0,0.0,0.0,0.0,0.0,0.0,19.0,0.0,0.0,13.0,0.0,0.0
19,12.0,39.0,39.0,36.0,36.0,39.0,39.0,39.0,39.0,31.0,31.0,37.0,39.0,39.0,39.0,39.0,2.0,28.0,39.0,39.0,14.0,20.0,11.0,10.0,9.0,39.0,39.0,9.0,9.0,0.0,6.0,6.0,6.0,6.0,6.0,39.0,2.0,2.0,2.0,39.0,2.0,2.0,2.0,2.0,2.0,2.0,1.0,1.0,0.0,0.0,39.0,0.0,0.0,0.0,2.0,0.0,39.0,Cuba,0.0,39.0,0.0,0.0,0.0,0.0,0.0,0.0,0.0,0.0,0.0,0.0,0.0,0.0,0.0,0.0,0.0,0.0,0.0,0.0,39.0,39.0,39.0,39.0,30.0,0.0,0.0,39.0,2.0,0.0
20,19.0,38.0,37.0,36.0,36.0,8.0,8.0,8.0,28.0,31.0,31.0,31.0,39.0,23.0,23.0,25.0,16.0,27.0,22.0,39.0,14.0,10.0,11.0,10.0,9.0,9.0,9.0,9.0,9.0,0.0,6.0,6.0,6.0,6.0,6.0,1.0,2.0,2.0,2.0,19.0,2.0,2.0,2.0,2.0,2.0,2.0,1.0,0.0,0.0,0.0,28.0,0.0,0.0,0.0,0.0,0.0,0.0,Argentina,0.0,0.0,0.0,0.0,0.0,0.0,0.0,0.0,0.0,0.0,0.0,0.0,0.0,0.0,0.0,0.0,0.0,0.0,0.0,0.0,0.0,39.0,2.0,0.0,3.0,0.0,0.0,0.0,0.0,0.0
21,20.0,38.0,37.0,36.0,36.0,35.0,35.0,35.0,28.0,32.0,32.0,32.0,23.0,32.0,32.0,30.0,7.0,28.0,22.0,39.0,14.0,16.0,11.0,10.0,9.0,10.0,10.0,9.0,9.0,0.0,6.0,6.0,6.0,6.0,6.0,39.0,2.0,2.0,2.0,32.0,2.0,2.0,2.0,2.0,2.0,2.0,1.0,0.0,1.0,0.0,15.0,0.0,0.0,0.0,12.0,0.0,3.0,Mozambique,0.0,10.0,10.0,0.0,0.0,0.0,0.0,0.0,0.0,0.0,0.0,0.0,0.0,0.0,0.0,10.0,11.0,0.0,10.0,11.0,0.0,23.0,24.0,23.0,14.0,1.0,0.0,0.0,12.0,0.0
22,10.0,38.0,37.0,36.0,36.0,20.0,20.0,20.0,28.0,33.0,33.0,37.0,39.0,27.0,26.0,25.0,5.0,27.0,23.0,39.0,14.0,10.0,11.0,10.0,9.0,24.0,9.0,9.0,9.0,4.0,6.0,5.0,5.0,5.0,5.0,0.0,2.0,2.0,2.0,4.0,2.0,2.0,2.0,2.0,2.0,2.0,39.0,0.0,0.0,0.0,39.0,0.0,0.0,0.0,24.0,0.0,0.0,Greece,0.0,39.0,0.0,0.0,0.0,0.0,0.0,0.0,0.0,0.0,0.0,0.0,0.0,0.0,0.0,13.0,0.0,0.0,0.0,0.0,0.0,0.0,24.0,1.0,0.0,0.0,0.0,0.0,24.0,0.0
23,18.0,38.0,37.0,36.0,36.0,17.0,17.0,17.0,28.0,31.0,31.0,37.0,39.0,23.0,23.0,25.0,5.0,27.0,22.0,17.0,13.0,9.0,10.0,9.0,8.0,8.0,8.0,8.0,8.0,5.0,6.0,5.0,5.0,5.0,5.0,2.0,2.0,2.0,2.0,23.0,2.0,2.0,2.0,2.0,2.0,2.0,39.0,0.0,0.0,0.0,39.0,0.0,0.0,0.0,0.0,0.0,0.0,Spain,0.0,39.0,0.0,0.0,0.0,0.0,0.0,0.0,0.0,0.0,0.0,0.0,0.0,0.0,0.0,13.0,0.0,0.0,0.0,0.0,0.0,0.0,0.0,0.0,0.0,0.0,0.0,0.0,0.0,0.0
24,38.0,37.0,38.0,35.0,35.0,33.0,33.0,33.0,31.0,31.0,31.0,30.0,22.0,24.0,24.0,26.0,29.0,26.0,24.0,38.0,12.0,8.0,9.0,8.0,7.0,7.0,7.0,7.0,7.0,4.0,6.0,6.0,6.0,6.0,6.0,14.0,2.0,2.0,2.0,38.0,2.0,2.0,2.0,2.0,2.0,2.0,1.0,0.0,0.0,0.0,0.0,0.0,0.0,0.0,0.0,0.0,0.0,Nigeria,0.0,0.0,0.0,0.0,0.0,0.0,0.0,0.0,0.0,0.0,0.0,0.0,0.0,0.0,0.0,0.0,0.0,0.0,0.0,0.0,0.0,1.0,0.0,0.0,10.0,0.0,0.0,0.0,0.0,0.0
25,22.0,37.0,38.0,35.0,35.0,33.0,33.0,32.0,27.0,30.0,30.0,30.0,38.0,26.0,26.0,24.0,16.0,26.0,28.0,12.0,13.0,13.0,10.0,9.0,8.0,8.0,8.0,8.0,8.0,0.0,6.0,6.0,6.0,6.0,6.0,38.0,2.0,2.0,2.0,9.0,2.0,2.0,2.0,2.0,2.0,2.0,1.0,0.0,0.0,0.0,14.0,0.0,0.0,0.0,0.0,0.0,0.0,Guatemala,0.0,0.0,0.0,0.0,0.0,0.0,0.0,0.0,0.0,0.0,0.0,0.0,0.0,0.0,0.0,0.0,0.0,0.0,0.0,0.0,0.0,0.0,0.0,0.0,5.0,0.0,0.0,0.0,0.0,0.0
26,30.0,37.0,38.0,35.0,38.0,38.0,38.0,38.0,27.0,30.0,30.0,35.0,23.0,30.0,29.0,36.0,37.0,26.0,22.0,38.0,12.0,23.0,9.0,8.0,7.0,26.0,19.0,7.0,7.0,0.0,38.0,38.0,38.0,38.0,38.0,38.0,2.0,2.0,2.0,26.0,2.0,2.0,4.0,2.0,2.0,2.0,1.0,11.0,20.0,0.0,26.0,0.0,0.0,0.0,26.0,0.0,16.0,Afghanistan,0.0,26.0,18.0,0.0,0.0,0.0,0.0,0.0,0.0,0.0,0.0,0.0,0.0,0.0,0.0,19.0,38.0,0.0,18.0,38.0,0.0,23.0,38.0,18.0,30.0,20.0,0.0,22.0,26.0,0.0
27,36.0,36.0,37.0,36.0,35.0,36.0,37.0,36.0,37.0,30.0,30.0,32.0,34.0,37.0,37.0,37.0,36.0,26.0,37.0,37.0,13.0,19.0,10.0,37.0,8.0,29.0,29.0,8.0,8.0,0.0,37.0,37.0,37.0,37.0,37.0,37.0,2.0,2.0,2.0,34.0,2.0,2.0,37.0,2.0,2.0,2.0,1.0,1.0,22.0,0.0,30.0,0.0,0.0,0.0,23.0,0.0,29.0,Somalia,0.0,21.0,21.0,0.0,0.0,0.0,0.0,0.0,0.0,0.0,0.0,0.0,0.0,0.0,0.0,29.0,21.0,0.0,21.0,21.0,0.0,37.0,37.0,37.0,35.0,22.0,0.0,18.0,23.0,0.0
28,32.0,36.0,35.0,35.0,34.0,32.0,32.0,32.0,28.0,33.0,31.0,30.0,23.0,34.0,34.0,26.0,15.0,27.0,28.0,26.0,12.0,20.0,10.0,9.0,8.0,8.0,8.0,8.0,8.0,0.0,5.0,5.0,5.0,5.0,5.0,37.0,13.0,2.0,2.0,10.0,2.0,2.0,2.0,2.0,2.0,2.0,1.0,0.0,2.0,0.0,13.0,0.0,0.0,0.0,2.0,0.0,0.0,Ethiopia,0.0,1.0,1.0,0.0,0.0,0.0,0.0,0.0,0.0,0.0,0.0,0.0,0.0,0.0,0.0,1.0,29.0,0.0,1.0,29.0,0.0,1.0,29.0,0.0,14.0,2.0,0.0,0.0,2.0,0.0
29,28.0,36.0,37.0,34.0,34.0,31.0,31.0,31.0,26.0,29.0,29.0,29.0,37.0,37.0,37.0,31.0,3.0,25.0,20.0,20.0,11.0,9.0,8.0,7.0,6.0,6.0,6.0,6.0,6.0,4.0,6.0,6.0,6.0,6.0,6.0,9.0,2.0,2.0,2.0,10.0,2.0,2.0,2.0,2.0,2.0,2.0,1.0,0.0,0.0,0.0,37.0,0.0,0.0,0.0,0.0,0.0,0.0,Morocco,0.0,0.0,0.0,0.0,0.0,0.0,0.0,0.0,0.0,0.0,0.0,0.0,0.0,0.0,0.0,0.0,0.0,0.0,0.0,0.0,0.0,0.0,0.0,0.0,5.0,0.0,0.0,0.0,0.0,0.0
30,19.0,36.0,35.0,34.0,34.0,18.0,18.0,18.0,26.0,29.0,29.0,34.0,37.0,21.0,21.0,24.0,13.0,26.0,23.0,37.0,13.0,14.0,10.0,9.0,8.0,8.0,8.0,8.0,8.0,8.0,6.0,6.0,6.0,6.0,6.0,31.0,2.0,2.0,2.0,37.0,2.0,2.0,2.0,2.0,2.0,2.0,1.0,0.0,0.0,0.0,37.0,0.0,0.0,0.0,0.0,0.0,0.0,Ecuador,0.0,0.0,0.0,0.0,0.0,0.0,0.0,0.0,0.0,0.0,0.0,0.0,0.0,0.0,0.0,0.0,0.0,0.0,0.0,0.0,0.0,0.0,0.0,0.0,2.0,0.0,0.0,5.0,0.0,0.0
31,33.0,36.0,37.0,34.0,34.0,34.0,34.0,34.0,27.0,29.0,29.0,37.0,37.0,28.0,28.0,27.0,3.0,26.0,22.0,37.0,13.0,26.0,10.0,9.0,8.0,8.0,8.0,8.0,8.0,2.0,6.0,6.0,6.0,10.0,6.0,37.0,2.0,2.0,2.0,37.0,2.0,2.0,2.0,2.0,2.0,2.0,1.0,0.0,0.0,0.0,13.0,0.0,0.0,0.0,0.0,0.0,0.0,Algeria,0.0,0.0,0.0,0.0,0.0,0.0,0.0,0.0,0.0,0.0,0.0,0.0,0.0,0.0,0.0,16.0,0.0,0.0,0.0,0.0,0.0,0.0,12.0,12.0,7.0,0.0,0.0,0.0,0.0,0.0
32,16.0,34.0,33.0,32.0,33.0,24.0,24.0,24.0,25.0,30.0,30.0,35.0,35.0,25.0,20.0,24.0,15.0,25.0,20.0,17.0,12.0,25.0,9.0,8.0,7.0,7.0,7.0,7.0,7.0,7.0,6.0,6.0,6.0,6.0,6.0,0.0,2.0,2.0,2.0,12.0,2.0,2.0,2.0,2.0,2.0,2.0,1.0,0.0,0.0,0.0,0.0,0.0,0.0,0.0,0.0,0.0,0.0,Malaysia,0.0,35.0,0.0,0.0,0.0,0.0,0.0,0.0,0.0,0.0,0.0,0.0,0.0,0.0,0.0,0.0,0.0,0.0,0.0,0.0,0.0,0.0,0.0,0.0,0.0,0.0,0.0,4.0,0.0,0.0
33,31.0,34.0,33.0,32.0,33.0,30.0,30.0,30.0,24.0,27.0,27.0,28.0,19.0,35.0,35.0,22.0,8.0,24.0,25.0,35.0,12.0,9.0,9.0,8.0,7.0,7.0,7.0,7.0,7.0,6.0,6.0,6.0,6.0,6.0,6.0,35.0,2.0,2.0,2.0,31.0,2.0,2.0,2.0,2.0,2.0,2.0,1.0,0.0,0.0,0.0,22.0,0.0,0.0,0.0,0.0,0.0,35.0,Senegal,0.0,0.0,0.0,0.0,0.0,0.0,0.0,0.0,0.0,0.0,0.0,0.0,0.0,0.0,0.0,0.0,0.0,0.0,0.0,0.0,0.0,0.0,2.0,2.0,9.0,0.0,0.0,0.0,0.0,0.0
34,26.0,34.0,35.0,32.0,32.0,30.0,30.0,30.0,24.0,27.0,27.0,28.0,19.0,20.0,20.0,25.0,23.0,24.0,18.0,35.0,10.0,9.0,7.0,6.0,5.0,5.0,5.0,5.0,5.0,5.0,6.0,6.0,6.0,6.0,6.0,10.0,2.0,2.0,2.0,29.0,2.0,2.0,2.0,2.0,2.0,2.0,1.0,0.0,0.0,0.0,0.0,0.0,0.0,0.0,0.0,0.0,0.0,Kenya,0.0,0.0,0.0,0.0,0.0,0.0,0.0,0.0,0.0,0.0,0.0,0.0,0.0,0.0,0.0,0.0,0.0,0.0,0.0,0.0,0.0,0.0,1.0,1.0,5.0,0.0,0.0,0.0,0.0,0.0
35,30.0,34.0,33.0,32.0,32.0,31.0,31.0,31.0,24.0,29.0,29.0,27.0,19.0,25.0,25.0,29.0,24.0,23.0,20.0,35.0,10.0,7.0,7.0,6.0,5.0,5.0,5.0,5.0,5.0,5.0,6.0,6.0,6.0,6.0,6.0,35.0,2.0,2.0,2.0,20.0,2.0,2.0,2.0,2.0,2.0,2.0,1.0,0.0,0.0,0.0,35.0,0.0,0.0,0.0,0.0,0.0,2.0,Cameroon,0.0,0.0,0.0,0.0,0.0,0.0,0.0,0.0,0.0,0.0,0.0,0.0,0.0,0.0,0.0,0.0,0.0,0.0,0.0,0.0,0.0,0.0,0.0,0.0,11.0,0.0,0.0,0.0,0.0,0.0
36,32.0,34.0,35.0,32.0,32.0,32.0,32.0,32.0,24.0,28.0,28.0,29.0,26.0,26.0,26.0,30.0,29.0,23.0,19.0,35.0,11.0,16.0,8.0,7.0,6.0,6.0,6.0,6.0,6.0,0.0,6.0,6.0,6.0,6.0,6.0,35.0,2.0,2.0,2.0,14.0,2.0,2.0,3.0,2.0,2.0,2.0,1.0,0.0,0.0,0.0,10.0,0.0,0.0,0.0,2.0,0.0,10.0,Angola,0.0,7.0,2.0,0.0,0.0,0.0,0.0,0.0,0.0,0.0,0.0,0.0,0.0,0.0,0.0,10.0,14.0,0.0,2.0,14.0,0.0,8.0,14.0,2.0,20.0,0.0,0.0,19.0,2.0,0.0
37,31.0,34.0,33.0,32.0,35.0,25.0,25.0,25.0,24.0,27.0,27.0,28.0,19.0,19.0,19.0,22.0,29.0,24.0,19.0,35.0,10.0,9.0,7.0,6.0,5.0,5.0,5.0,5.0,5.0,0.0,35.0,35.0,35.0,35.0,35.0,35.0,2.0,2.0,2.0,30.0,2.0,2.0,3.0,2.0,2.0,2.0,1.0,0.0,1.0,0.0,4.0,0.0,0.0,0.0,1.0,0.0,2.0,Uganda,0.0,0.0,0.0,0.0,0.0,0.0,0.0,0.0,0.0,0.0,0.0,0.0,0.0,0.0,0.0,0.0,0.0,0.0,0.0,0.0,0.0,9.0,0.0,0.0,9.0,1.0,0.0,13.0,1.0,0.0
38,16.0,34.0,35.0,32.0,33.0,35.0,35.0,35.0,26.0,28.0,28.0,35.0,35.0,35.0,35.0,24.0,16.0,25.0,21.0,23.0,14.0,10.0,11.0,10.0,9.0,9.0,9.0,9.0,9.0,22.0,6.0,5.0,5.0,5.0,5.0,3.0,2.0,2.0,2.0,11.0,2.0,2.0,2.0,2.0,2.0,2.0,35.0,0.0,0.0,0.0,17.0,0.0,0.0,0.0,0.0,0.0,0.0,New Zealand,0.0,35.0,0.0,0.0,0.0,0.0,0.0,0.0,0.0,0.0,0.0,0.0,0.0,0.0,0.0,2.0,0.0,0.0,0.0,0.0,0.0,0.0,17.0,17.0,0.0,0.0,0.0,0.0,0.0,0.0
39,25.0,34.0,33.0,32.0,32.0,29.0,29.0,29.0,24.0,27.0,27.0,28.0,19.0,22.0,22.0,21.0,13.0,23.0,18.0,35.0,10.0,9.0,7.0,35.0,5.0,5.0,5.0,5.0,5.0,0.0,6.0,6.0,6.0,6.0,6.0,35.0,2.0,2.0,2.0,6.0,2.0,2.0,2.0,2.0,2.0,2.0,1.0,0.0,0.0,0.0,4.0,0.0,0.0,0.0,0.0,0.0,1.0,Nicaragua,0.0,0.0,0.0,0.0,0.0,0.0,0.0,0.0,0.0,0.0,0.0,0.0,0.0,0.0,0.0,9.0,0.0,0.0,0.0,0.0,0.0,15.0,9.0,0.0,5.0,0.0,0.0,7.0,0.0,0.0
40,31.0,34.0,33.0,32.0,32.0,8.0,8.0,8.0,25.0,29.0,29.0,31.0,20.0,21.0,21.0,25.0,16.0,24.0,19.0,35.0,12.0,9.0,9.0,8.0,7.0,7.0,7.0,7.0,7.0,5.0,5.0,5.0,5.0,5.0,5.0,30.0,2.0,2.0,2.0,23.0,2.0,2.0,2.0,2.0,2.0,2.0,1.0,0.0,0.0,0.0,1.0,0.0,0.0,0.0,0.0,0.0,0.0,Honduras,0.0,0.0,0.0,0.0,0.0,0.0,0.0,0.0,0.0,0.0,0.0,0.0,0.0,0.0,0.0,0.0,0.0,0.0,0.0,0.0,0.0,0.0,0.0,0.0,6.0,0.0,0.0,0.0,0.0,0.0
41,34.0,34.0,35.0,33.0,33.0,33.0,33.0,33.0,26.0,29.0,29.0,35.0,21.0,24.0,24.0,33.0,34.0,25.0,22.0,20.0,10.0,13.0,8.0,7.0,6.0,6.0,6.0,6.0,6.0,11.0,35.0,35.0,35.0,35.0,35.0,19.0,2.0,2.0,2.0,17.0,2.0,2.0,2.0,2.0,2.0,2.0,1.0,0.0,0.0,0.0,2.0,0.0,0.0,0.0,0.0,0.0,1.0,Papua New Guinea,0.0,0.0,0.0,0.0,0.0,0.0,0.0,0.0,0.0,0.0,0.0,0.0,0.0,0.0,0.0,2.0,14.0,0.0,0.0,14.0,0.0,0.0,14.0,2.0,23.0,0.0,0.0,0.0,0.0,0.0
42,24.0,34.0,33.0,32.0,33.0,29.0,29.0,29.0,24.0,29.0,29.0,28.0,19.0,19.0,19.0,21.0,26.0,24.0,20.0,35.0,12.0,9.0,9.0,8.0,7.0,7.0,7.0,7.0,7.0,9.0,35.0,35.0,35.0,35.0,35.0,35.0,2.0,2.0,2.0,18.0,2.0,2.0,2.0,2.0,2.0,2.0,1.0,21.0,0.0,0.0,6.0,0.0,0.0,0.0,0.0,0.0,0.0,Madagascar,0.0,0.0,0.0,0.0,0.0,0.0,0.0,0.0,0.0,0.0,0.0,0.0,0.0,0.0,0.0,9.0,0.0,0.0,0.0,0.0,0.0,0.0,0.0,0.0,3.0,0.0,0.0,0.0,0.0,0.0
43,24.0,34.0,34.0,33.0,32.0,23.0,23.0,23.0,25.0,27.0,27.0,32.0,35.0,17.0,17.0,23.0,24.0,23.0,20.0,35.0,11.0,8.0,9.0,8.0,8.0,8.0,8.0,8.0,8.0,0.0,4.0,3.0,3.0,3.0,3.0,2.0,1.0,1.0,1.0,0.0,1.0,1.0,1.0,1.0,1.0,1.0,1.0,2.0,0.0,0.0,4.0,0.0,0.0,0.0,0.0,0.0,0.0,Chile,0.0,35.0,0.0,0.0,0.0,0.0,0.0,0.0,0.0,0.0,0.0,0.0,0.0,0.0,0.0,0.0,0.0,0.0,0.0,0.0,0.0,0.0,0.0,0.0,2.0,0.0,0.0,8.0,0.0,0.0
44,35.0,34.0,35.0,32.0,32.0,34.0,34.0,34.0,24.0,28.0,28.0,27.0,19.0,35.0,35.0,35.0,31.0,23.0,29.0,35.0,10.0,10.0,7.0,6.0,5.0,5.0,5.0,5.0,5.0,0.0,6.0,6.0,6.0,6.0,6.0,35.0,2.0,2.0,2.0,35.0,2.0,2.0,35.0,2.0,2.0,2.0,1.0,31.0,0.0,0.0,9.0,0.0,0.0,0.0,0.0,0.0,2.0,Haiti,0.0,0.0,0.0,0.0,0.0,0.0,0.0,0.0,0.0,0.0,0.0,0.0,0.0,0.0,0.0,3.0,3.0,0.0,0.0,3.0,0.0,0.0,4.0,1.0,27.0,0.0,0.0,7.0,0.0,0.0
45,19.0,33.0,32.0,32.0,31.0,11.0,11.0,10.0,25.0,28.0,28.0,31.0,34.0,20.0,20.0,22.0,17.0,24.0,19.0,17.0,9.0,7.0,7.0,6.0,5.0,5.0,5.0,5.0,5.0,0.0,5.0,5.0,5.0,5.0,5.0,34.0,2.0,2.0,2.0,14.0,2.0,2.0,2.0,2.0,2.0,2.0,1.0,2.0,0.0,0.0,34.0,0.0,0.0,0.0,0.0,0.0,0.0,El Salvador,0.0,0.0,0.0,0.0,0.0,0.0,0.0,0.0,0.0,0.0,0.0,0.0,0.0,0.0,0.0,0.0,0.0,0.0,0.0,0.0,2.0,0.0,0.0,0.0,6.0,0.0,0.0,0.0,0.0,0.0
46,14.0,33.0,32.0,32.0,32.0,14.0,14.0,14.0,24.0,27.0,27.0,34.0,34.0,20.0,20.0,21.0,7.0,24.0,19.0,34.0,10.0,7.0,8.0,7.0,6.0,6.0,6.0,6.0,6.0,11.0,5.0,4.0,4.0,4.0,4.0,4.0,18.0,2.0,2.0,12.0,2.0,2.0,2.0,2.0,2.0,2.0,34.0,0.0,0.0,0.0,34.0,0.0,0.0,0.0,0.0,0.0,0.0,Belgium,0.0,34.0,0.0,0.0,0.0,0.0,0.0,0.0,0.0,0.0,0.0,0.0,0.0,0.0,0.0,11.0,0.0,0.0,0.0,0.0,0.0,0.0,16.0,16.0,10.0,0.0,0.0,0.0,0.0,0.0
47,17.0,32.0,31.0,30.0,30.0,27.0,27.0,27.0,22.0,28.0,28.0,25.0,17.0,21.0,21.0,23.0,15.0,21.0,22.0,33.0,10.0,8.0,7.0,6.0,5.0,5.0,5.0,5.0,5.0,0.0,6.0,6.0,6.0,6.0,6.0,12.0,2.0,2.0,2.0,15.0,2.0,2.0,2.0,2.0,2.0,2.0,1.0,0.0,0.0,0.0,33.0,0.0,0.0,0.0,0.0,0.0,0.0,Ghana,0.0,0.0,0.0,0.0,0.0,0.0,0.0,0.0,0.0,0.0,0.0,0.0,0.0,0.0,0.0,0.0,0.0,0.0,0.0,0.0,0.0,0.0,0.0,0.0,9.0,0.0,0.0,0.0,0.0,0.0
48,13.0,33.0,31.0,31.0,33.0,28.0,28.0,28.0,24.0,28.0,28.0,28.0,19.0,33.0,33.0,23.0,4.0,22.0,24.0,33.0,11.0,11.0,9.0,33.0,8.0,8.0,8.0,8.0,8.0,5.0,33.0,33.0,33.0,33.0,33.0,33.0,1.0,1.0,1.0,18.0,1.0,1.0,1.0,1.0,1.0,1.0,1.0,2.0,0.0,0.0,20.0,0.0,0.0,0.0,0.0,0.0,33.0,Burkina Faso,0.0,0.0,0.0,0.0,0.0,0.0,0.0,0.0,0.0,0.0,0.0,0.0,0.0,0.0,0.0,0.0,1.0,0.0,0.0,1.0,0.0,0.0,20.0,20.0,9.0,0.0,0.0,0.0,0.0,0.0
49,23.0,32.0,31.0,31.0,31.0,29.0,29.0,29.0,24.0,28.0,28.0,27.0,19.0,33.0,33.0,27.0,18.0,25.0,25.0,33.0,12.0,11.0,10.0,33.0,8.0,8.0,8.0,8.0,8.0,8.0,33.0,33.0,33.0,33.0,33.0,33.0,2.0,2.0,2.0,15.0,2.0,2.0,2.0,2.0,2.0,2.0,1.0,4.0,0.0,0.0,22.0,0.0,0.0,0.0,0.0,0.0,33.0,Mali,0.0,0.0,0.0,0.0,0.0,0.0,0.0,0.0,0.0,0.0,0.0,0.0,0.0,0.0,0.0,0.0,0.0,0.0,0.0,0.0,0.0,7.0,2.0,2.0,13.0,0.0,0.0,0.0,0.0,0.0
50,23.0,32.0,33.0,31.0,30.0,28.0,28.0,28.0,24.0,26.0,26.0,32.0,20.0,33.0,33.0,31.0,12.0,23.0,26.0,33.0,10.0,17.0,8.0,33.0,6.0,6.0,6.0,6.0,6.0,6.0,33.0,33.0,33.0,33.0,33.0,33.0,2.0,2.0,2.0,33.0,2.0,2.0,33.0,2.0,2.0,2.0,1.0,5.0,0.0,0.0,3.0,0.0,0.0,0.0,0.0,0.0,0.0,Mauritania,0.0,0.0,0.0,0.0,0.0,0.0,0.0,0.0,0.0,0.0,0.0,0.0,0.0,0.0,0.0,0.0,0.0,0.0,0.0,0.0,0.0,4.0,12.0,12.0,16.0,0.0,0.0,6.0,0.0,0.0
51,32.0,31.0,30.0,29.0,32.0,25.0,25.0,25.0,21.0,26.0,26.0,24.0,16.0,21.0,21.0,19.0,13.0,20.0,15.0,21.0,10.0,6.0,7.0,6.0,5.0,5.0,5.0,5.0,5.0,5.0,6.0,7.0,7.0,7.0,7.0,20.0,2.0,2.0,2.0,12.0,2.0,2.0,2.0,2.0,2.0,2.0,1.0,0.0,0.0,0.0,0.0,0.0,0.0,0.0,0.0,0.0,1.0,Zambia,0.0,0.0,0.0,0.0,0.0,0.0,0.0,0.0,0.0,0.0,0.0,0.0,0.0,0.0,0.0,0.0,8.0,0.0,0.0,8.0,0.0,2.0,21.0,3.0,8.0,0.0,0.0,14.0,0.0,0.0
52,29.0,31.0,32.0,30.0,29.0,32.0,32.0,32.0,22.0,26.0,26.0,30.0,32.0,21.0,21.0,19.0,24.0,21.0,17.0,32.0,9.0,6.0,7.0,6.0,5.0,5.0,5.0,5.0,5.0,7.0,5.0,5.0,5.0,5.0,5.0,14.0,2.0,2.0,2.0,23.0,2.0,2.0,2.0,2.0,2.0,2.0,12.0,1.0,0.0,0.0,32.0,0.0,0.0,0.0,0.0,0.0,0.0,Saudi Arabia,0.0,32.0,0.0,0.0,0.0,0.0,0.0,0.0,0.0,0.0,0.0,0.0,0.0,0.0,0.0,0.0,0.0,0.0,0.0,0.0,0.0,0.0,0.0,0.0,3.0,0.0,0.0,17.0,0.0,0.0
53,18.0,31.0,30.0,29.0,29.0,4.0,4.0,4.0,22.0,27.0,27.0,29.0,32.0,20.0,20.0,19.0,17.0,21.0,17.0,27.0,9.0,14.0,6.0,5.0,4.0,4.0,4.0,4.0,4.0,6.0,6.0,6.0,6.0,6.0,6.0,3.0,2.0,2.0,2.0,1.0,2.0,2.0,2.0,2.0,2.0,2.0,1.0,0.0,0.0,0.0,1.0,0.0,0.0,0.0,0.0,0.0,0.0,Costa Rica,0.0,0.0,0.0,0.0,0.0,0.0,0.0,0.0,0.0,0.0,0.0,0.0,0.0,0.0,0.0,0.0,0.0,0.0,0.0,0.0,0.0,0.0,0.0,0.0,5.0,0.0,0.0,0.0,0.0,0.0
54,6.0,31.0,30.0,30.0,29.0,19.0,19.0,19.0,23.0,25.0,25.0,32.0,32.0,19.0,19.0,21.0,5.0,22.0,19.0,11.0,11.0,8.0,9.0,8.0,7.0,11.0,7.0,7.0,7.0,10.0,4.0,4.0,4.0,4.0,4.0,0.0,2.0,2.0,2.0,5.0,2.0,2.0,2.0,2.0,2.0,2.0,32.0,0.0,0.0,0.0,22.0,0.0,0.0,0.0,11.0,0.0,0.0,Switzerland,0.0,32.0,0.0,0.0,0.0,0.0,0.0,0.0,0.0,0.0,0.0,0.0,0.0,0.0,0.0,7.0,0.0,0.0,0.0,0.0,1.0,0.0,11.0,0.0,0.0,0.0,0.0,0.0,11.0,0.0
55,18.0,32.0,31.0,29.0,29.0,9.0,9.0,9.0,22.0,26.0,26.0,28.0,32.0,17.0,17.0,22.0,9.0,20.0,19.0,32.0,9.0,6.0,6.0,6.0,5.0,5.0,5.0,5.0,5.0,4.0,5.0,5.0,5.0,5.0,5.0,8.0,1.0,1.0,1.0,27.0,1.0,1.0,1.0,1.0,1.0,1.0,1.0,0.0,0.0,0.0,10.0,0.0,0.0,0.0,0.0,0.0,0.0,Panama,0.0,0.0,0.0,0.0,0.0,0.0,0.0,0.0,0.0,0.0,0.0,0.0,0.0,0.0,0.0,0.0,0.0,0.0,0.0,0.0,0.0,0.0,0.0,0.0,7.0,0.0,0.0,0.0,0.0,0.0
56,14.0,31.0,30.0,29.0,29.0,17.0,17.0,17.0,21.0,24.0,24.0,30.0,32.0,19.0,19.0,18.0,16.0,20.0,15.0,31.0,9.0,5.0,6.0,5.0,4.0,4.0,4.0,4.0,4.0,0.0,6.0,5.0,5.0,5.0,5.0,6.0,2.0,2.0,2.0,8.0,2.0,2.0,2.0,2.0,2.0,2.0,32.0,5.0,5.0,0.0,32.0,0.0,0.0,0.0,6.0,0.0,2.0,Poland,0.0,32.0,4.0,0.0,0.0,0.0,0.0,0.0,0.0,0.0,0.0,0.0,0.0,0.0,0.0,8.0,8.0,0.0,4.0,8.0,0.0,0.0,8.0,0.0,5.0,5.0,0.0,7.0,6.0,0.0
57,21.0,30.0,29.0,28.0,29.0,26.0,26.0,26.0,20.0,25.0,25.0,25.0,15.0,23.0,24.0,27.0,11.0,20.0,14.0,31.0,9.0,10.0,6.0,31.0,4.0,4.0,4.0,4.0,4.0,2.0,31.0,31.0,31.0,31.0,31.0,31.0,2.0,2.0,2.0,29.0,2.0,2.0,3.0,2.0,2.0,2.0,1.0,4.0,2.0,0.0,21.0,0.0,0.0,0.0,3.0,0.0,4.0,Guinea,0.0,2.0,2.0,0.0,0.0,0.0,0.0,0.0,0.0,0.0,0.0,0.0,0.0,0.0,0.0,2.0,2.0,0.0,2.0,2.0,0.0,15.0,2.0,2.0,16.0,2.0,0.0,2.0,3.0,0.0
58,16.0,29.0,29.0,28.0,30.0,14.0,14.0,14.0,23.0,24.0,24.0,30.0,30.0,20.0,20.0,21.0,15.0,21.0,19.0,30.0,10.0,7.0,8.0,7.0,7.0,7.0,7.0,7.0,7.0,12.0,4.0,3.0,3.0,3.0,3.0,0.0,1.0,1.0,1.0,0.0,1.0,1.0,1.0,1.0,1.0,1.0,30.0,0.0,0.0,0.0,30.0,0.0,0.0,0.0,0.0,0.0,0.0,Austria,0.0,30.0,0.0,0.0,0.0,0.0,0.0,0.0,0.0,0.0,0.0,0.0,0.0,0.0,0.0,0.0,0.0,0.0,0.0,0.0,0.0,0.0,19.0,19.0,0.0,0.0,0.0,0.0,0.0,0.0
59,19.0,29.0,28.0,27.0,27.0,15.0,15.0,15.0,21.0,24.0,24.0,28.0,30.0,17.0,19.0,19.0,12.0,21.0,16.0,30.0,11.0,7.0,8.0,7.0,7.0,7.0,7.0,7.0,7.0,10.0,5.0,4.0,4.0,4.0,4.0,1.0,1.0,1.0,1.0,0.0,1.0,1.0,1.0,1.0,1.0,1.0,30.0,0.0,0.0,0.0,30.0,0.0,0.0,0.0,0.0,0.0,0.0,Portugal,0.0,30.0,0.0,0.0,0.0,0.0,0.0,0.0,0.0,0.0,0.0,0.0,0.0,0.0,0.0,10.0,0.0,0.0,0.0,0.0,0.0,0.0,0.0,0.0,0.0,0.0,0.0,0.0,0.0,0.0
60,27.0,29.0,29.0,29.0,28.0,28.0,28.0,28.0,23.0,24.0,24.0,25.0,18.0,30.0,30.0,26.0,14.0,22.0,24.0,30.0,10.0,11.0,9.0,30.0,7.0,7.0,7.0,7.0,7.0,5.0,3.0,3.0,3.0,3.0,3.0,30.0,2.0,2.0,2.0,30.0,2.0,2.0,2.0,2.0,2.0,2.0,1.0,1.0,0.0,0.0,20.0,0.0,0.0,0.0,0.0,0.0,30.0,Benin,0.0,0.0,0.0,0.0,0.0,0.0,0.0,0.0,0.0,0.0,0.0,0.0,0.0,0.0,0.0,0.0,0.0,0.0,0.0,0.0,0.0,8.0,1.0,1.0,11.0,0.0,0.0,0.0,0.0,0.0
61,15.0,29.0,28.0,27.0,27.0,3.0,3.0,3.0,20.0,24.0,24.0,28.0,30.0,15.0,16.0,17.0,12.0,19.0,19.0,20.0,5.0,1.0,2.0,1.0,0.0,0.0,0.0,0.0,0.0,1.0,5.0,5.0,5.0,5.0,5.0,0.0,2.0,2.0,2.0,1.0,2.0,2.0,2.0,2.0,2.0,2.0,30.0,0.0,0.0,0.0,30.0,0.0,0.0,0.0,0.0,0.0,0.0,Germany,0.0,30.0,0.0,0.0,0.0,0.0,0.0,0.0,0.0,0.0,0.0,0.0,0.0,0.0,0.0,1.0,0.0,0.0,0.0,0.0,0.0,0.0,0.0,0.0,0.0,0.0,0.0,0.0,0.0,0.0
62,12.0,29.0,28.0,27.0,27.0,25.0,25.0,25.0,20.0,22.0,22.0,23.0,15.0,24.0,24.0,18.0,23.0,19.0,15.0,22.0,8.0,6.0,5.0,4.0,3.0,3.0,3.0,3.0,3.0,0.0,30.0,30.0,30.0,30.0,30.0,30.0,2.0,2.0,2.0,19.0,2.0,2.0,2.0,2.0,2.0,2.0,1.0,1.0,0.0,0.0,0.0,0.0,0.0,0.0,0.0,0.0,0.0,Malawi,0.0,0.0,0.0,0.0,0.0,0.0,0.0,0.0,0.0,0.0,0.0,0.0,0.0,0.0,0.0,0.0,30.0,0.0,0.0,30.0,0.0,0.0,30.0,0.0,2.0,0.0,0.0,6.0,0.0,0.0
63,15.0,29.0,28.0,27.0,28.0,7.0,7.0,7.0,19.0,24.0,24.0,28.0,30.0,14.0,14.0,20.0,17.0,19.0,13.0,19.0,5.0,1.0,2.0,1.0,0.0,0.0,0.0,0.0,0.0,1.0,6.0,6.0,6.0,6.0,6.0,25.0,3.0,2.0,2.0,9.0,3.0,3.0,3.0,3.0,2.0,3.0,15.0,3.0,0.0,0.0,1.0,0.0,0.0,0.0,0.0,0.0,1.0,Ukraine,0.0,1.0,1.0,0.0,0.0,0.0,0.0,0.0,0.0,0.0,0.0,0.0,0.0,0.0,0.0,0.0,0.0,0.0,1.0,0.0,1.0,2.0,3.0,3.0,5.0,0.0,0.0,5.0,0.0,0.0
64,18.0,29.0,28.0,27.0,30.0,24.0,24.0,24.0,19.0,24.0,24.0,28.0,14.0,23.0,23.0,25.0,12.0,18.0,21.0,30.0,5.0,9.0,2.0,1.0,0.0,0.0,0.0,0.0,0.0,1.0,6.0,6.0,6.0,6.0,6.0,30.0,3.0,2.0,2.0,24.0,3.0,3.0,3.0,3.0,2.0,3.0,2.0,1.0,0.0,0.0,12.0,0.0,0.0,0.0,1.0,0.0,7.0,Tajikistan,0.0,1.0,0.0,0.0,0.0,0.0,0.0,0.0,0.0,0.0,0.0,0.0,0.0,0.0,0.0,0.0,4.0,0.0,0.0,4.0,1.0,14.0,11.0,11.0,24.0,0.0,0.0,11.0,1.0,0.0
65,22.0,28.0,27.0,26.0,29.0,26.0,27.0,26.0,18.0,23.0,23.0,22.0,14.0,29.0,29.0,17.0,20.0,18.0,15.0,29.0,7.0,4.0,4.0,3.0,3.0,3.0,3.0,3.0,3.0,1.0,5.0,6.0,6.0,6.0,6.0,25.0,1.0,1.0,1.0,21.0,1.0,1.0,1.0,1.0,1.0,1.0,0.0,0.0,0.0,0.0,21.0,0.0,0.0,0.0,0.0,0.0,0.0,Zimbabwe,0.0,0.0,0.0,0.0,0.0,0.0,0.0,0.0,0.0,0.0,0.0,0.0,0.0,0.0,0.0,0.0,0.0,0.0,0.0,0.0,0.0,19.0,13.0,13.0,4.0,0.0,0.0,9.0,0.0,0.0
66,20.0,28.0,28.0,27.0,26.0,27.0,27.0,27.0,22.0,24.0,24.0,27.0,28.0,14.0,14.0,21.0,14.0,22.0,16.0,27.0,11.0,11.0,9.0,8.0,7.0,7.0,7.0,7.0,7.0,8.0,29.0,29.0,29.0,24.0,24.0,29.0,2.0,2.0,2.0,17.0,2.0,2.0,2.0,2.0,2.0,2.0,1.0,25.0,0.0,0.0,8.0,0.0,0.0,0.0,0.0,0.0,1.0,Fiji,0.0,0.0,0.0,0.0,0.0,0.0,0.0,0.0,0.0,0.0,0.0,0.0,0.0,0.0,0.0,0.0,0.0,0.0,0.0,0.0,0.0,0.0,0.0,0.0,4.0,0.0,0.0,0.0,0.0,0.0
67,24.0,27.0,26.0,26.0,26.0,25.0,25.0,25.0,18.0,22.0,22.0,25.0,14.0,28.0,28.0,24.0,24.0,18.0,23.0,28.0,7.0,13.0,5.0,28.0,4.0,4.0,4.0,4.0,4.0,4.0,28.0,28.0,28.0,28.0,28.0,28.0,1.0,1.0,1.0,28.0,1.0,1.0,28.0,1.0,1.0,1.0,0.0,0.0,0.0,0.0,0.0,0.0,0.0,0.0,0.0,0.0,0.0,Sierra Leone,0.0,0.0,0.0,0.0,0.0,0.0,0.0,0.0,0.0,0.0,0.0,0.0,0.0,0.0,0.0,0.0,0.0,0.0,0.0,0.0,0.0,16.0,0.0,0.0,21.0,0.0,0.0,0.0,0.0,0.0
68,15.0,27.0,26.0,26.0,28.0,7.0,7.0,7.0,18.0,22.0,22.0,25.0,28.0,13.0,13.0,15.0,10.0,17.0,17.0,28.0,7.0,6.0,5.0,4.0,3.0,5.0,3.0,3.0,3.0,3.0,5.0,5.0,5.0,5.0,5.0,23.0,2.0,2.0,2.0,14.0,2.0,2.0,2.0,2.0,2.0,2.0,1.0,0.0,0.0,0.0,5.0,0.0,0.0,0.0,5.0,0.0,0.0,Paraguay,0.0,5.0,0.0,0.0,0.0,0.0,0.0,0.0,0.0,0.0,0.0,0.0,0.0,0.0,0.0,0.0,0.0,0.0,0.0,0.0,0.0,0.0,5.0,0.0,1.0,0.0,0.0,0.0,5.0,0.0
69,24.0,27.0,28.0,25.0,28.0,26.0,26.0,26.0,17.0,23.0,23.0,21.0,13.0,18.0,18.0,20.0,17.0,17.0,14.0,28.0,7.0,4.0,4.0,4.0,3.0,3.0,3.0,3.0,3.0,2.0,28.0,28.0,28.0,28.0,28.0,28.0,1.0,1.0,1.0,17.0,1.0,1.0,1.0,1.0,1.0,1.0,0.0,0.0,0.0,0.0,28.0,0.0,0.0,0.0,0.0,0.0,0.0,Central African Republic,0.0,0.0,0.0,0.0,0.0,0.0,0.0,0.0,0.0,0.0,0.0,0.0,0.0,0.0,0.0,17.0,0.0,0.0,0.0,0.0,0.0,0.0,24.0,24.0,5.0,0.0,0.0,9.0,0.0,0.0
70,23.0,27.0,28.0,26.0,28.0,25.0,25.0,25.0,21.0,23.0,23.0,23.0,16.0,22.0,22.0,28.0,19.0,21.0,16.0,28.0,9.0,10.0,7.0,28.0,5.0,5.0,5.0,5.0,5.0,0.0,28.0,28.0,28.0,28.0,28.0,28.0,2.0,2.0,2.0,28.0,2.0,2.0,28.0,2.0,2.0,2.0,1.0,6.0,0.0,0.0,28.0,0.0,0.0,0.0,0.0,0.0,1.0,Chad,0.0,0.0,0.0,0.0,0.0,0.0,0.0,0.0,0.0,0.0,0.0,0.0,0.0,0.0,0.0,0.0,0.0,0.0,0.0,0.0,0.0,1.0,22.0,21.0,28.0,0.0,0.0,11.0,0.0,0.0
71,18.0,25.0,26.0,24.0,24.0,26.0,26.0,26.0,16.0,20.0,20.0,22.0,12.0,16.0,16.0,14.0,13.0,17.0,12.0,26.0,5.0,7.0,6.0,2.0,1.0,4.0,3.0,1.0,1.0,0.0,9.0,9.0,9.0,9.0,9.0,26.0,2.0,2.0,2.0,11.0,2.0,2.0,5.0,2.0,2.0,2.0,1.0,6.0,3.0,0.0,26.0,0.0,0.0,0.0,4.0,0.0,3.0,Cambodia,0.0,4.0,3.0,0.0,0.0,0.0,0.0,0.0,0.0,0.0,0.0,0.0,0.0,0.0,0.0,3.0,3.0,0.0,3.0,3.0,2.0,4.0,4.0,2.0,8.0,3.0,0.0,2.0,4.0,0.0
72,20.0,26.0,26.0,23.0,25.0,26.0,26.0,26.0,19.0,21.0,21.0,26.0,15.0,21.0,21.0,26.0,17.0,19.0,15.0,22.0,9.0,9.0,6.0,26.0,5.0,5.0,5.0,5.0,5.0,26.0,26.0,26.0,26.0,22.0,22.0,26.0,1.0,1.0,1.0,15.0,1.0,1.0,26.0,1.0,1.0,1.0,1.0,24.0,0.0,0.0,0.0,0.0,0.0,0.0,0.0,0.0,0.0,Vanuatu,0.0,0.0,0.0,0.0,0.0,0.0,0.0,0.0,0.0,0.0,0.0,0.0,0.0,0.0,0.0,1.0,0.0,0.0,0.0,0.0,0.0,1.0,1.0,1.0,20.0,0.0,0.0,1.0,0.0,0.0
73,9.0,26.0,25.0,24.0,23.0,16.0,16.0,16.0,19.0,21.0,21.0,26.0,26.0,18.0,18.0,17.0,9.0,18.0,15.0,26.0,8.0,6.0,6.0,6.0,6.0,6.0,6.0,6.0,6.0,0.0,3.0,3.0,3.0,3.0,3.0,8.0,0.0,0.0,0.0,13.0,0.0,0.0,0.0,0.0,0.0,0.0,26.0,7.0,0.0,0.0,7.0,0.0,0.0,0.0,1.0,0.0,7.0,Bulgaria,0.0,0.0,0.0,0.0,0.0,0.0,0.0,0.0,0.0,0.0,0.0,0.0,0.0,0.0,0.0,0.0,0.0,0.0,0.0,0.0,0.0,3.0,0.0,0.0,8.0,0.0,0.0,8.0,1.0,0.0
74,8.0,25.0,24.0,23.0,26.0,12.0,12.0,12.0,17.0,20.0,20.0,24.0,26.0,26.0,16.0,15.0,5.0,16.0,12.0,5.0,6.0,2.0,3.0,2.0,2.0,3.0,2.0,2.0,2.0,0.0,4.0,4.0,4.0,4.0,4.0,2.0,1.0,1.0,1.0,2.0,1.0,1.0,1.0,1.0,1.0,1.0,26.0,2.0,2.0,0.0,2.0,0.0,0.0,0.0,3.0,0.0,0.0,Hungary,0.0,26.0,2.0,0.0,0.0,0.0,0.0,0.0,0.0,0.0,0.0,0.0,0.0,0.0,0.0,4.0,2.0,0.0,2.0,2.0,0.0,0.0,3.0,0.0,0.0,2.0,0.0,4.0,3.0,0.0
75,19.0,25.0,24.0,23.0,24.0,24.0,24.0,24.0,16.0,22.0,22.0,20.0,26.0,21.0,21.0,26.0,19.0,16.0,15.0,24.0,8.0,13.0,5.0,4.0,3.0,3.0,3.0,3.0,3.0,0.0,6.0,6.0,6.0,6.0,6.0,26.0,2.0,2.0,2.0,21.0,2.0,2.0,2.0,2.0,2.0,2.0,1.0,2.0,0.0,0.0,13.0,0.0,0.0,0.0,0.0,0.0,0.0,Iraq,0.0,26.0,0.0,0.0,0.0,0.0,0.0,0.0,0.0,0.0,0.0,0.0,0.0,0.0,0.0,0.0,1.0,0.0,0.0,1.0,1.0,3.0,12.0,11.0,15.0,0.0,0.0,11.0,0.0,0.0
76,22.0,24.0,24.0,22.0,25.0,22.0,22.0,22.0,17.0,21.0,21.0,20.0,13.0,15.0,15.0,17.0,19.0,17.0,12.0,24.0,8.0,7.0,5.0,4.0,3.0,3.0,3.0,3.0,3.0,0.0,25.0,25.0,25.0,25.0,25.0,24.0,2.0,2.0,2.0,19.0,2.0,2.0,3.0,2.0,2.0,2.0,1.0,0.0,0.0,0.0,5.0,0.0,0.0,0.0,0.0,0.0,0.0,Rwanda,0.0,0.0,0.0,0.0,0.0,0.0,0.0,0.0,0.0,0.0,0.0,0.0,0.0,0.0,0.0,0.0,0.0,0.0,0.0,0.0,0.0,1.0,16.0,16.0,7.0,0.0,0.0,0.0,0.0,0.0
77,13.0,24.0,23.0,23.0,23.0,6.0,6.0,6.0,16.0,20.0,20.0,24.0,19.0,10.0,12.0,15.0,11.0,15.0,12.0,11.0,4.0,12.0,2.0,1.0,0.0,2.0,0.0,0.0,0.0,3.0,5.0,5.0,5.0,5.0,5.0,25.0,4.0,2.0,2.0,5.0,4.0,4.0,4.0,4.0,2.0,4.0,2.0,5.0,0.0,0.0,12.0,0.0,0.0,0.0,2.0,0.0,5.0,Georgia,0.0,3.0,2.0,0.0,0.0,0.0,0.0,0.0,0.0,0.0,0.0,0.0,0.0,0.0,0.0,3.0,0.0,0.0,2.0,0.0,5.0,5.0,7.0,7.0,6.0,0.0,0.0,7.0,2.0,0.0
78,24.0,25.0,25.0,24.0,24.0,21.0,21.0,21.0,19.0,18.0,18.0,22.0,15.0,25.0,25.0,25.0,22.0,19.0,20.0,25.0,5.0,16.0,4.0,25.0,4.0,4.0,4.0,4.0,4.0,0.0,25.0,25.0,25.0,21.0,21.0,25.0,0.0,0.0,0.0,25.0,0.0,0.0,25.0,0.0,0.0,0.0,0.0,4.0,0.0,0.0,16.0,0.0,0.0,0.0,0.0,0.0,25.0,Guinea-Bissau,0.0,0.0,0.0,0.0,0.0,0.0,0.0,0.0,0.0,0.0,0.0,0.0,0.0,0.0,0.0,0.0,0.0,0.0,0.0,0.0,0.0,3.0,2.0,2.0,22.0,0.0,0.0,3.0,0.0,0.0
79,22.0,24.0,22.0,22.0,23.0,20.0,20.0,20.0,16.0,20.0,20.0,22.0,12.0,24.0,24.0,14.0,7.0,17.0,17.0,24.0,6.0,8.0,4.0,24.0,3.0,3.0,3.0,3.0,3.0,1.0,4.0,4.0,4.0,4.0,4.0,24.0,1.0,1.0,1.0,13.0,1.0,1.0,1.0,1.0,1.0,1.0,1.0,0.0,0.0,0.0,14.0,0.0,0.0,0.0,0.0,0.0,24.0,Togo,0.0,0.0,0.0,0.0,0.0,0.0,0.0,0.0,0.0,0.0,0.0,0.0,0.0,0.0,0.0,0.0,0.0,0.0,0.0,0.0,0.0,0.0,1.0,1.0,3.0,0.0,0.0,0.0,0.0,0.0
80,13.0,24.0,24.0,22.0,21.0,18.0,18.0,18.0,19.0,19.0,19.0,21.0,24.0,24.0,24.0,18.0,9.0,16.0,14.0,7.0,8.0,6.0,6.0,6.0,6.0,6.0,6.0,6.0,6.0,8.0,2.0,2.0,2.0,2.0,2.0,13.0,0.0,0.0,0.0,5.0,0.0,0.0,0.0,0.0,0.0,0.0,0.0,14.0,0.0,0.0,0.0,0.0,0.0,0.0,0.0,0.0,0.0,Jamaica,0.0,0.0,0.0,0.0,0.0,0.0,0.0,0.0,0.0,0.0,0.0,0.0,0.0,0.0,0.0,8.0,0.0,0.0,0.0,0.0,0.0,0.0,0.0,0.0,2.0,0.0,0.0,0.0,0.0,0.0
81,13.0,23.0,22.0,22.0,24.0,9.0,9.0,9.0,14.0,21.0,21.0,24.0,24.0,13.0,13.0,13.0,7.0,14.0,9.0,18.0,4.0,3.0,2.0,1.0,0.0,0.0,0.0,0.0,0.0,1.0,5.0,5.0,5.0,5.0,5.0,6.0,2.0,2.0,2.0,8.0,2.0,2.0,2.0,2.0,2.0,2.0,1.0,0.0,0.0,0.0,24.0,0.0,0.0,0.0,0.0,0.0,0.0,Kazakhstan,0.0,0.0,0.0,0.0,0.0,0.0,0.0,0.0,0.0,0.0,0.0,0.0,0.0,0.0,0.0,0.0,0.0,0.0,0.0,0.0,0.0,1.0,2.0,2.0,2.0,0.0,0.0,2.0,0.0,0.0
82,17.0,23.0,24.0,23.0,22.0,23.0,23.0,23.0,20.0,21.0,21.0,23.0,15.0,21.0,21.0,23.0,6.0,20.0,15.0,24.0,8.0,9.0,7.0,24.0,5.0,21.0,21.0,5.0,5.0,5.0,24.0,24.0,24.0,20.0,20.0,24.0,2.0,2.0,2.0,24.0,2.0,2.0,24.0,2.0,2.0,3.0,1.0,0.0,21.0,0.0,24.0,0.0,0.0,0.0,21.0,0.0,3.0,Djibouti,0.0,5.0,3.0,0.0,0.0,0.0,0.0,0.0,0.0,0.0,0.0,0.0,0.0,0.0,0.0,21.0,21.0,0.0,3.0,21.0,0.0,9.0,21.0,5.0,23.0,21.0,0.0,5.0,21.0,0.0
83,20.0,23.0,23.0,21.0,22.0,23.0,23.0,23.0,17.0,18.0,18.0,23.0,23.0,23.0,23.0,23.0,20.0,17.0,23.0,23.0,7.0,5.0,5.0,23.0,4.0,4.0,4.0,4.0,4.0,20.0,23.0,23.0,23.0,23.0,23.0,23.0,1.0,23.0,19.0,23.0,1.0,1.0,23.0,1.0,19.0,1.0,23.0,23.0,0.0,0.0,23.0,0.0,0.0,0.0,0.0,0.0,23.0,Puerto Rico,0.0,23.0,0.0,0.0,0.0,0.0,0.0,0.0,0.0,0.0,0.0,0.0,0.0,0.0,0.0,0.0,1.0,0.0,0.0,1.0,23.0,23.0,23.0,23.0,23.0,0.0,0.0,23.0,0.0,0.0
84,19.0,22.0,22.0,20.0,22.0,13.0,13.0,13.0,15.0,16.0,16.0,23.0,22.0,16.0,16.0,15.0,14.0,16.0,11.0,16.0,8.0,4.0,5.0,4.0,4.0,4.0,4.0,4.0,4.0,0.0,5.0,5.0,5.0,5.0,5.0,23.0,1.0,1.0,1.0,11.0,1.0,1.0,1.0,1.0,1.0,1.0,2.0,5.0,0.0,0.0,3.0,0.0,0.0,0.0,2.0,0.0,6.0,Albania,0.0,4.0,1.0,0.0,0.0,0.0,0.0,0.0,0.0,0.0,0.0,0.0,0.0,0.0,0.0,7.0,0.0,0.0,1.0,0.0,0.0,5.0,1.0,0.0,7.0,0.0,0.0,5.0,2.0,0.0
85,10.0,23.0,22.0,21.0,21.0,9.0,9.0,9.0,17.0,20.0,20.0,23.0,23.0,16.0,16.0,17.0,2.0,16.0,15.0,12.0,7.0,5.0,5.0,5.0,5.0,5.0,5.0,5.0,5.0,13.0,3.0,2.0,2.0,2.0,2.0,9.0,0.0,0.0,0.0,0.0,0.0,0.0,0.0,0.0,0.0,0.0,23.0,2.0,0.0,0.0,23.0,0.0,0.0,0.0,0.0,0.0,0.0,Ireland,0.0,23.0,0.0,0.0,0.0,0.0,0.0,0.0,0.0,0.0,0.0,0.0,0.0,0.0,0.0,9.0,0.0,0.0,0.0,0.0,0.0,0.0,16.0,16.0,0.0,0.0,0.0,5.0,0.0,0.0
86,15.0,22.0,23.0,20.0,23.0,21.0,21.0,21.0,14.0,18.0,18.0,19.0,9.0,17.0,17.0,16.0,10.0,15.0,12.0,20.0,6.0,4.0,3.0,2.0,1.0,1.0,1.0,1.0,1.0,0.0,23.0,23.0,23.0,23.0,23.0,23.0,2.0,2.0,2.0,21.0,2.0,2.0,2.0,2.0,2.0,2.0,1.0,0.0,0.0,0.0,1.0,0.0,0.0,0.0,0.0,0.0,0.0,Burundi,0.0,0.0,0.0,0.0,0.0,0.0,0.0,0.0,0.0,0.0,0.0,0.0,0.0,0.0,0.0,0.0,0.0,0.0,0.0,0.0,0.0,0.0,2.0,2.0,2.0,0.0,0.0,8.0,0.0,0.0
87,13.0,22.0,20.0,20.0,20.0,19.0,19.0,19.0,14.0,17.0,17.0,18.0,22.0,14.0,14.0,11.0,6.0,14.0,11.0,16.0,5.0,4.0,3.0,3.0,2.0,2.0,2.0,2.0,2.0,0.0,6.0,6.0,6.0,6.0,6.0,3.0,1.0,3.0,1.0,5.0,1.0,1.0,5.0,1.0,1.0,1.0,2.0,2.0,0.0,0.0,2.0,0.0,0.0,0.0,0.0,0.0,3.0,Namibia,0.0,22.0,0.0,0.0,0.0,0.0,0.0,0.0,0.0,0.0,0.0,0.0,0.0,0.0,0.0,0.0,0.0,0.0,0.0,0.0,1.0,8.0,2.0,2.0,5.0,0.0,0.0,2.0,0.0,0.0
88,20.0,22.0,22.0,20.0,21.0,21.0,21.0,21.0,13.0,16.0,16.0,22.0,11.0,13.0,13.0,19.0,16.0,15.0,11.0,16.0,7.0,10.0,5.0,22.0,4.0,4.0,4.0,4.0,4.0,7.0,22.0,22.0,22.0,21.0,21.0,22.0,1.0,1.0,1.0,14.0,1.0,1.0,22.0,1.0,1.0,2.0,1.0,18.0,0.0,0.0,0.0,0.0,0.0,0.0,0.0,0.0,0.0,Solomon Islands,0.0,0.0,0.0,0.0,0.0,0.0,0.0,0.0,0.0,0.0,0.0,0.0,0.0,0.0,0.0,15.0,0.0,0.0,0.0,0.0,0.0,0.0,0.0,0.0,9.0,0.0,0.0,9.0,0.0,0.0
89,17.0,21.0,21.0,19.0,20.0,13.0,13.0,13.0,15.0,17.0,17.0,22.0,22.0,14.0,14.0,13.0,10.0,16.0,14.0,9.0,6.0,3.0,3.0,2.0,1.0,1.0,1.0,1.0,1.0,0.0,6.0,6.0,6.0,6.0,6.0,20.0,2.0,2.0,2.0,1.0,2.0,2.0,2.0,2.0,2.0,2.0,3.0,0.0,0.0,0.0,0.0,0.0,0.0,0.0,0.0,0.0,0.0,Uruguay,0.0,22.0,0.0,0.0,0.0,0.0,0.0,0.0,0.0,0.0,0.0,0.0,0.0,0.0,0.0,0.0,0.0,0.0,0.0,0.0,0.0,0.0,0.0,0.0,2.0,0.0,0.0,8.0,0.0,0.0
90,15.0,21.0,21.0,19.0,22.0,16.0,16.0,16.0,16.0,18.0,18.0,17.0,14.0,22.0,22.0,16.0,8.0,16.0,14.0,12.0,7.0,10.0,4.0,3.0,2.0,2.0,2.0,2.0,2.0,7.0,7.0,7.0,7.0,7.0,7.0,22.0,2.0,2.0,2.0,6.0,2.0,2.0,2.0,2.0,2.0,2.0,1.0,14.0,0.0,0.0,8.0,0.0,0.0,0.0,1.0,0.0,4.0,Mongolia,0.0,4.0,0.0,0.0,0.0,0.0,0.0,0.0,0.0,0.0,0.0,0.0,0.0,0.0,0.0,0.0,0.0,0.0,0.0,0.0,1.0,4.0,0.0,0.0,9.0,0.0,0.0,8.0,1.0,0.0
91,20.0,20.0,21.0,20.0,18.0,18.0,18.0,18.0,15.0,18.0,18.0,18.0,14.0,21.0,21.0,21.0,17.0,13.0,14.0,21.0,6.0,13.0,5.0,21.0,3.0,8.0,8.0,3.0,3.0,3.0,21.0,21.0,21.0,21.0,21.0,21.0,2.0,2.0,2.0,21.0,2.0,2.0,21.0,2.0,2.0,2.0,1.0,3.0,9.0,0.0,11.0,0.0,0.0,0.0,9.0,0.0,1.0,Liberia,0.0,8.0,8.0,0.0,0.0,0.0,0.0,0.0,0.0,0.0,0.0,0.0,0.0,0.0,0.0,8.0,21.0,0.0,8.0,21.0,0.0,11.0,21.0,9.0,18.0,9.0,0.0,11.0,9.0,0.0
92,21.0,20.0,21.0,18.0,19.0,21.0,21.0,21.0,13.0,17.0,17.0,21.0,21.0,21.0,21.0,21.0,21.0,11.0,9.0,21.0,7.0,6.0,4.0,6.0,2.0,6.0,5.0,2.0,2.0,0.0,6.0,6.0,6.0,6.0,6.0,21.0,2.0,2.0,2.0,21.0,2.0,2.0,2.0,2.0,2.0,2.0,4.0,3.0,5.0,0.0,11.0,0.0,0.0,0.0,6.0,0.0,1.0,Libya,0.0,21.0,2.0,0.0,0.0,0.0,0.0,0.0,0.0,0.0,0.0,0.0,0.0,0.0,0.0,18.0,2.0,0.0,2.0,2.0,1.0,7.0,18.0,1.0,15.0,5.0,0.0,6.0,6.0,0.0
93,6.0,19.0,19.0,19.0,18.0,12.0,12.0,12.0,17.0,18.0,18.0,19.0,20.0,20.0,15.0,15.0,2.0,14.0,14.0,16.0,6.0,4.0,5.0,4.0,3.0,3.0,3.0,3.0,3.0,14.0,3.0,3.0,3.0,3.0,3.0,2.0,2.0,2.0,2.0,1.0,2.0,2.0,2.0,2.0,2.0,2.0,20.0,0.0,0.0,0.0,17.0,0.0,0.0,0.0,0.0,0.0,0.0,Norway,0.0,20.0,0.0,0.0,0.0,0.0,0.0,0.0,0.0,0.0,0.0,0.0,0.0,0.0,0.0,0.0,0.0,0.0,0.0,0.0,0.0,0.0,0.0,0.0,0.0,0.0,0.0,0.0,0.0,0.0
94,20.0,19.0,19.0,18.0,18.0,17.0,17.0,17.0,13.0,16.0,16.0,18.0,20.0,20.0,20.0,12.0,6.0,14.0,10.0,9.0,7.0,5.0,5.0,4.0,3.0,3.0,3.0,3.0,3.0,1.0,5.0,5.0,5.0,5.0,5.0,4.0,2.0,2.0,2.0,6.0,2.0,2.0,2.0,2.0,2.0,2.0,1.0,3.0,0.0,0.0,20.0,0.0,0.0,0.0,0.0,0.0,0.0,Tunisia,0.0,0.0,0.0,0.0,0.0,0.0,0.0,0.0,0.0,0.0,0.0,0.0,0.0,0.0,0.0,0.0,2.0,0.0,0.0,2.0,0.0,1.0,2.0,0.0,2.0,0.0,0.0,0.0,0.0,0.0
95,10.0,19.0,17.0,17.0,16.0,9.0,9.0,9.0,14.0,17.0,17.0,19.0,19.0,11.0,14.0,12.0,10.0,11.0,11.0,15.0,5.0,3.0,3.0,3.0,2.0,5.0,5.0,2.0,2.0,2.0,4.0,3.0,3.0,4.0,3.0,0.0,1.0,1.0,1.0,6.0,1.0,1.0,1.0,1.0,1.0,1.0,13.0,7.0,6.0,0.0,14.0,0.0,0.0,0.0,6.0,0.0,0.0,Israel,0.0,19.0,5.0,0.0,0.0,0.0,0.0,0.0,0.0,0.0,0.0,0.0,0.0,0.0,0.0,5.0,5.0,0.0,5.0,5.0,0.0,0.0,5.0,0.0,0.0,6.0,0.0,0.0,6.0,0.0
96,10.0,19.0,18.0,17.0,18.0,14.0,14.0,14.0,16.0,15.0,15.0,17.0,19.0,17.0,17.0,15.0,8.0,16.0,15.0,4.0,5.0,3.0,3.0,3.0,3.0,3.0,3.0,3.0,3.0,1.0,2.0,2.0,2.0,3.0,2.0,5.0,0.0,0.0,0.0,3.0,0.0,0.0,0.0,0.0,0.0,0.0,0.0,0.0,0.0,0.0,7.0,0.0,0.0,0.0,0.0,0.0,1.0,Jordan,0.0,0.0,0.0,0.0,0.0,0.0,0.0,0.0,0.0,0.0,0.0,0.0,0.0,0.0,0.0,0.0,0.0,0.0,0.0,0.0,0.0,0.0,0.0,0.0,0.0,0.0,0.0,0.0,0.0,0.0
97,8.0,18.0,17.0,17.0,17.0,12.0,12.0,12.0,12.0,13.0,13.0,19.0,19.0,8.0,8.0,9.0,6.0,12.0,7.0,19.0,4.0,1.0,2.0,1.0,0.0,1.0,1.0,0.0,0.0,0.0,5.0,5.0,5.0,5.0,5.0,1.0,2.0,2.0,2.0,5.0,2.0,2.0,2.0,2.0,2.0,2.0,7.0,0.0,1.0,0.0,6.0,0.0,0.0,0.0,2.0,0.0,0.0,Croatia,0.0,19.0,1.0,0.0,0.0,0.0,0.0,0.0,0.0,0.0,0.0,0.0,0.0,0.0,0.0,1.0,1.0,0.0,1.0,1.0,0.0,0.0,1.0,1.0,0.0,1.0,0.0,1.0,2.0,0.0
98,5.0,17.0,18.0,17.0,18.0,17.0,17.0,17.0,14.0,14.0,14.0,16.0,11.0,13.0,13.0,15.0,2.0,13.0,12.0,18.0,7.0,9.0,6.0,18.0,4.0,4.0,4.0,4.0,4.0,8.0,18.0,18.0,18.0,17.0,17.0,18.0,2.0,6.0,2.0,4.0,2.0,2.0,18.0,2.0,2.0,2.0,1.0,6.0,0.0,0.0,0.0,0.0,0.0,0.0,0.0,0.0,1.0,Lesotho,0.0,0.0,0.0,0.0,0.0,0.0,0.0,0.0,0.0,0.0,0.0,0.0,0.0,0.0,0.0,0.0,11.0,0.0,0.0,11.0,0.0,1.0,12.0,0.0,9.0,0.0,0.0,0.0,0.0,0.0
99,2.0,17.0,17.0,17.0,15.0,11.0,11.0,11.0,15.0,14.0,14.0,17.0,17.0,13.0,15.0,14.0,1.0,13.0,12.0,15.0,6.0,6.0,6.0,6.0,6.0,6.0,6.0,6.0,6.0,9.0,0.0,0.0,0.0,0.0,0.0,4.0,0.0,0.0,0.0,0.0,0.0,0.0,0.0,0.0,0.0,0.0,17.0,0.0,0.0,0.0,17.0,0.0,0.0,0.0,0.0,0.0,0.0,Denmark,0.0,17.0,0.0,0.0,0.0,0.0,0.0,0.0,0.0,0.0,0.0,0.0,0.0,0.0,0.0,0.0,0.0,0.0,0.0,0.0,0.0,0.0,0.0,0.0,0.0,0.0,0.0,8.0,0.0,0.0
100,17.0,17.0,17.0,16.0,16.0,17.0,17.0,17.0,11.0,14.0,14.0,16.0,17.0,12.0,12.0,17.0,17.0,12.0,10.0,17.0,2.0,5.0,1.0,1.0,1.0,1.0,1.0,1.0,1.0,2.0,1.0,1.0,1.0,1.0,1.0,17.0,0.0,0.0,0.0,14.0,0.0,0.0,0.0,0.0,0.0,0.0,0.0,2.0,0.0,0.0,17.0,0.0,0.0,0.0,0.0,0.0,0.0,Gabon,0.0,0.0,0.0,0.0,0.0,0.0,0.0,0.0,0.0,0.0,0.0,0.0,0.0,0.0,0.0,0.0,0.0,0.0,0.0,0.0,0.0,0.0,1.0,1.0,7.0,0.0,0.0,0.0,0.0,0.0
101,13.0,17.0,17.0,16.0,17.0,16.0,16.0,16.0,14.0,13.0,13.0,17.0,17.0,14.0,14.0,14.0,0.0,15.0,12.0,9.0,8.0,7.0,7.0,7.0,7.0,7.0,7.0,7.0,7.0,9.0,1.0,1.0,1.0,1.0,1.0,8.0,0.0,0.0,0.0,0.0,0.0,0.0,0.0,0.0,0.0,0.0,0.0,15.0,0.0,0.0,0.0,0.0,0.0,0.0,0.0,0.0,0.0,Mauritius,0.0,0.0,0.0,0.0,0.0,0.0,0.0,0.0,0.0,0.0,0.0,0.0,0.0,0.0,0.0,0.0,0.0,0.0,0.0,0.0,0.0,0.0,0.0,0.0,6.0,0.0,0.0,8.0,0.0,0.0
102,15.0,16.0,16.0,15.0,16.0,12.0,12.0,12.0,11.0,11.0,11.0,16.0,12.0,16.0,16.0,10.0,0.0,10.0,10.0,14.0,1.0,5.0,0.0,0.0,0.0,1.0,0.0,0.0,0.0,0.0,2.0,2.0,2.0,2.0,2.0,13.0,0.0,0.0,0.0,6.0,0.0,0.0,0.0,0.0,0.0,0.0,0.0,0.0,0.0,0.0,4.0,0.0,0.0,0.0,1.0,0.0,0.0,Azerbaijan,0.0,1.0,0.0,0.0,0.0,0.0,0.0,0.0,0.0,0.0,0.0,0.0,0.0,0.0,0.0,0.0,0.0,0.0,0.0,0.0,1.0,0.0,2.0,2.0,3.0,0.0,0.0,2.0,1.0,0.0
103,8.0,15.0,15.0,15.0,14.0,14.0,14.0,14.0,12.0,14.0,14.0,14.0,16.0,12.0,12.0,11.0,8.0,10.0,8.0,16.0,4.0,6.0,3.0,2.0,2.0,2.0,2.0,2.0,2.0,4.0,16.0,16.0,16.0,11.0,11.0,9.0,1.0,1.0,1.0,16.0,1.0,1.0,16.0,1.0,1.0,1.0,0.0,0.0,0.0,0.0,0.0,0.0,0.0,0.0,2.0,0.0,0.0,Eswatini,0.0,2.0,0.0,0.0,0.0,0.0,0.0,0.0,0.0,0.0,0.0,0.0,0.0,0.0,0.0,0.0,0.0,0.0,0.0,0.0,0.0,0.0,2.0,0.0,5.0,0.0,0.0,0.0,2.0,0.0
104,12.0,15.0,14.0,14.0,16.0,14.0,14.0,14.0,9.0,13.0,13.0,16.0,16.0,11.0,11.0,11.0,6.0,10.0,6.0,8.0,6.0,3.0,4.0,3.0,3.0,3.0,3.0,3.0,3.0,3.0,4.0,4.0,4.0,4.0,4.0,12.0,1.0,1.0,1.0,5.0,1.0,1.0,4.0,1.0,1.0,1.0,0.0,0.0,0.0,0.0,0.0,0.0,0.0,0.0,0.0,0.0,0.0,Botswana,0.0,0.0,0.0,0.0,0.0,0.0,0.0,0.0,0.0,0.0,0.0,0.0,0.0,0.0,0.0,0.0,0.0,0.0,0.0,0.0,0.0,0.0,0.0,0.0,5.0,0.0,0.0,0.0,0.0,0.0
105,16.0,15.0,16.0,16.0,14.0,13.0,13.0,13.0,10.0,13.0,13.0,16.0,10.0,2.0,2.0,8.0,16.0,10.0,7.0,15.0,2.0,1.0,2.0,1.0,0.0,0.0,0.0,0.0,0.0,0.0,3.0,3.0,3.0,3.0,3.0,16.0,2.0,2.0,2.0,7.0,2.0,2.0,2.0,2.0,2.0,2.0,1.0,0.0,0.0,0.0,4.0,0.0,0.0,0.0,0.0,0.0,0.0,Bosnia and Herzegovina,0.0,1.0,0.0,0.0,0.0,0.0,0.0,0.0,0.0,0.0,0.0,0.0,0.0,0.0,0.0,0.0,0.0,0.0,0.0,0.0,1.0,7.0,2.0,1.0,4.0,0.0,0.0,1.0,0.0,0.0
106,5.0,14.0,14.0,13.0,13.0,7.0,7.0,7.0,12.0,11.0,11.0,13.0,14.0,12.0,11.0,11.0,4.0,10.0,11.0,14.0,5.0,4.0,4.0,4.0,3.0,3.0,3.0,3.0,3.0,5.0,2.0,2.0,2.0,2.0,2.0,5.0,1.0,1.0,1.0,1.0,1.0,1.0,1.0,1.0,1.0,1.0,14.0,0.0,0.0,0.0,7.0,0.0,0.0,0.0,0.0,0.0,0.0,Sweden,0.0,14.0,0.0,0.0,0.0,0.0,0.0,0.0,0.0,0.0,0.0,0.0,0.0,0.0,0.0,0.0,0.0,0.0,0.0,0.0,0.0,0.0,0.0,0.0,0.0,0.0,0.0,0.0,0.0,0.0
107,9.0,14.0,13.0,12.0,13.0,4.0,4.0,4.0,9.0,10.0,10.0,13.0,14.0,9.0,9.0,9.0,5.0,8.0,7.0,3.0,2.0,0.0,0.0,0.0,0.0,0.0,0.0,0.0,0.0,1.0,2.0,2.0,2.0,2.0,2.0,13.0,0.0,0.0,0.0,0.0,0.0,0.0,0.0,0.0,0.0,0.0,7.0,1.0,0.0,0.0,0.0,0.0,0.0,0.0,1.0,0.0,1.0,Belarus,0.0,1.0,1.0,0.0,0.0,0.0,0.0,0.0,0.0,0.0,0.0,0.0,0.0,0.0,0.0,0.0,0.0,0.0,1.0,0.0,0.0,0.0,0.0,0.0,4.0,0.0,0.0,0.0,1.0,0.0
108,14.0,13.0,14.0,13.0,11.0,14.0,14.0,14.0,9.0,10.0,10.0,13.0,14.0,14.0,11.0,7.0,14.0,10.0,7.0,14.0,5.0,8.0,4.0,3.0,2.0,2.0,2.0,2.0,2.0,1.0,4.0,4.0,4.0,4.0,4.0,4.0,2.0,2.0,2.0,5.0,2.0,2.0,2.0,2.0,2.0,2.0,1.0,0.0,2.0,0.0,3.0,0.0,0.0,0.0,2.0,0.0,0.0,Lebanon,0.0,2.0,2.0,0.0,0.0,0.0,0.0,0.0,0.0,0.0,0.0,0.0,0.0,0.0,0.0,4.0,2.0,0.0,2.0,2.0,0.0,8.0,5.0,5.0,4.0,2.0,0.0,5.0,2.0,0.0
109,9.0,13.0,12.0,12.0,13.0,12.0,12.0,12.0,7.0,14.0,12.0,14.0,6.0,7.0,7.0,11.0,8.0,9.0,7.0,11.0,5.0,3.0,3.0,2.0,1.0,1.0,1.0,1.0,1.0,4.0,14.0,14.0,14.0,12.0,12.0,14.0,2.0,2.0,2.0,14.0,2.0,2.0,6.0,2.0,2.0,14.0,1.0,14.0,0.0,0.0,8.0,0.0,0.0,0.0,1.0,0.0,0.0,Tonga,0.0,1.0,0.0,0.0,0.0,0.0,0.0,0.0,0.0,0.0,0.0,0.0,0.0,0.0,0.0,0.0,0.0,0.0,0.0,0.0,0.0,0.0,2.0,2.0,9.0,0.0,0.0,2.0,1.0,0.0
110,6.0,14.0,14.0,13.0,11.0,12.0,12.0,12.0,11.0,11.0,11.0,13.0,14.0,14.0,14.0,11.0,6.0,7.0,7.0,8.0,3.0,3.0,2.0,2.0,1.0,1.0,1.0,1.0,1.0,5.0,14.0,14.0,14.0,11.0,11.0,14.0,1.0,1.0,1.0,2.0,1.0,1.0,1.0,1.0,1.0,1.0,1.0,1.0,0.0,0.0,0.0,0.0,0.0,0.0,0.0,0.0,0.0,Belize,0.0,0.0,0.0,0.0,0.0,0.0,0.0,0.0,0.0,0.0,0.0,0.0,0.0,0.0,0.0,0.0,0.0,0.0,0.0,0.0,1.0,14.0,1.0,1.0,1.0,0.0,0.0,1.0,0.0,0.0
111,5.0,12.0,13.0,10.0,12.0,13.0,13.0,13.0,6.0,10.0,10.0,13.0,13.0,13.0,13.0,9.0,5.0,8.0,5.0,13.0,6.0,2.0,3.0,2.0,1.0,1.0,1.0,1.0,1.0,1.0,6.0,6.0,6.0,6.0,6.0,3.0,2.0,2.0,2.0,13.0,2.0,2.0,2.0,2.0,2.0,2.0,7.0,3.0,0.0,0.0,1.0,0.0,0.0,0.0,0.0,0.0,0.0,Oman,0.0,13.0,0.0,0.0,0.0,0.0,0.0,0.0,0.0,0.0,0.0,0.0,0.0,0.0,0.0,0.0,0.0,0.0,0.0,0.0,0.0,1.0,0.0,0.0,2.0,0.0,0.0,0.0,0.0,0.0
112,12.0,11.0,10.0,10.0,12.0,6.0,6.0,6.0,8.0,10.0,10.0,10.0,11.0,7.0,7.0,7.0,9.0,9.0,6.0,12.0,4.0,6.0,2.0,1.0,0.0,0.0,0.0,0.0,0.0,0.0,4.0,4.0,4.0,4.0,4.0,12.0,2.0,2.0,2.0,7.0,2.0,2.0,2.0,2.0,2.0,2.0,1.0,0.0,0.0,0.0,3.0,0.0,0.0,0.0,0.0,0.0,0.0,Armenia,0.0,1.0,0.0,0.0,0.0,0.0,0.0,0.0,0.0,0.0,0.0,0.0,0.0,0.0,0.0,7.0,0.0,0.0,0.0,0.0,0.0,2.0,1.0,1.0,4.0,0.0,0.0,3.0,0.0,0.0
113,8.0,11.0,12.0,11.0,11.0,12.0,12.0,12.0,7.0,12.0,11.0,12.0,6.0,5.0,5.0,7.0,7.0,8.0,5.0,12.0,4.0,3.0,3.0,12.0,2.0,3.0,2.0,2.0,2.0,12.0,12.0,12.0,12.0,9.0,9.0,12.0,1.0,1.0,1.0,8.0,1.0,1.0,6.0,1.0,1.0,12.0,0.0,11.0,0.0,0.0,4.0,0.0,0.0,0.0,2.0,0.0,0.0,Samoa,0.0,1.0,0.0,0.0,0.0,0.0,0.0,0.0,0.0,0.0,0.0,0.0,0.0,0.0,0.0,4.0,5.0,0.0,0.0,5.0,0.0,0.0,12.0,1.0,3.0,0.0,0.0,0.0,2.0,0.0
114,3.0,12.0,12.0,11.0,11.0,7.0,7.0,7.0,10.0,11.0,11.0,12.0,12.0,10.0,10.0,9.0,2.0,8.0,7.0,11.0,2.0,1.0,1.0,1.0,1.0,1.0,1.0,1.0,1.0,3.0,1.0,1.0,1.0,1.0,1.0,2.0,0.0,0.0,0.0,0.0,0.0,0.0,0.0,0.0,0.0,0.0,8.0,1.0,0.0,0.0,12.0,0.0,0.0,0.0,0.0,0.0,0.0,Cyprus,0.0,12.0,0.0,0.0,0.0,0.0,0.0,0.0,0.0,0.0,0.0,0.0,0.0,0.0,0.0,0.0,0.0,0.0,0.0,0.0,0.0,0.0,0.0,0.0,0.0,0.0,0.0,0.0,0.0,0.0
115,3.0,11.0,11.0,10.0,10.0,5.0,5.0,5.0,8.0,8.0,8.0,11.0,11.0,8.0,8.0,7.0,3.0,8.0,5.0,11.0,1.0,0.0,0.0,0.0,0.0,2.0,2.0,0.0,0.0,0.0,1.0,1.0,1.0,1.0,1.0,8.0,0.0,0.0,0.0,2.0,0.0,0.0,0.0,0.0,0.0,0.0,11.0,2.0,2.0,0.0,11.0,0.0,0.0,0.0,2.0,0.0,0.0,Lithuania,0.0,11.0,2.0,0.0,0.0,0.0,0.0,0.0,0.0,0.0,0.0,0.0,0.0,0.0,0.0,2.0,2.0,0.0,2.0,2.0,0.0,0.0,2.0,1.0,1.0,2.0,0.0,1.0,2.0,0.0
116,11.0,11.0,11.0,10.0,10.0,11.0,11.0,11.0,8.0,9.0,9.0,9.0,5.0,11.0,11.0,7.0,7.0,6.0,5.0,11.0,3.0,2.0,2.0,11.0,2.0,2.0,2.0,2.0,2.0,2.0,11.0,11.0,11.0,9.0,9.0,11.0,0.0,0.0,0.0,11.0,0.0,0.0,0.0,0.0,0.0,0.0,0.0,8.0,0.0,0.0,0.0,0.0,0.0,0.0,0.0,0.0,0.0,Guyana,0.0,0.0,0.0,0.0,0.0,0.0,0.0,0.0,0.0,0.0,0.0,0.0,0.0,0.0,0.0,0.0,5.0,0.0,0.0,5.0,0.0,2.0,7.0,2.0,4.0,0.0,0.0,2.0,0.0,0.0
117,7.0,11.0,11.0,10.0,11.0,11.0,11.0,11.0,8.0,9.0,11.0,11.0,7.0,9.0,9.0,11.0,7.0,7.0,6.0,11.0,4.0,4.0,3.0,11.0,11.0,3.0,3.0,3.0,3.0,6.0,11.0,11.0,11.0,9.0,9.0,11.0,0.0,0.0,0.0,11.0,0.0,0.0,0.0,0.0,0.0,0.0,0.0,11.0,0.0,0.0,1.0,11.0,11.0,0.0,0.0,0.0,0.0,Dominica,0.0,1.0,0.0,0.0,0.0,0.0,0.0,0.0,0.0,0.0,0.0,0.0,0.0,0.0,0.0,0.0,8.0,0.0,0.0,8.0,0.0,1.0,8.0,0.0,6.0,0.0,0.0,0.0,0.0,0.0
118,2.0,10.0,9.0,10.0,10.0,4.0,4.0,4.0,8.0,8.0,8.0,10.0,10.0,9.0,6.0,5.0,1.0,6.0,3.0,10.0,1.0,1.0,1.0,1.0,0.0,0.0,0.0,0.0,0.0,0.0,1.0,1.0,1.0,1.0,1.0,0.0,1.0,1.0,1.0,3.0,1.0,1.0,1.0,1.0,1.0,1.0,8.0,0.0,1.0,0.0,10.0,0.0,0.0,0.0,1.0,0.0,0.0,Slovenia,0.0,10.0,0.0,0.0,0.0,0.0,0.0,0.0,0.0,0.0,0.0,0.0,0.0,0.0,0.0,0.0,0.0,0.0,0.0,0.0,0.0,0.0,0.0,0.0,0.0,1.0,0.0,0.0,1.0,0.0
119,9.0,10.0,10.0,10.0,10.0,8.0,8.0,8.0,9.0,9.0,9.0,10.0,5.0,8.0,8.0,9.0,8.0,7.0,4.0,10.0,1.0,2.0,1.0,1.0,0.0,0.0,0.0,0.0,0.0,1.0,1.0,1.0,1.0,1.0,1.0,10.0,1.0,1.0,1.0,9.0,1.0,1.0,1.0,1.0,1.0,1.0,1.0,1.0,0.0,0.0,9.0,0.0,0.0,0.0,0.0,0.0,8.0,Uzbekistan,0.0,0.0,0.0,0.0,0.0,0.0,0.0,0.0,0.0,0.0,0.0,0.0,0.0,0.0,0.0,0.0,1.0,0.0,0.0,1.0,0.0,10.0,8.0,8.0,9.0,0.0,0.0,8.0,0.0,0.0
120,8.0,10.0,10.0,9.0,8.0,9.0,9.0,9.0,8.0,9.0,9.0,8.0,10.0,8.0,8.0,9.0,2.0,7.0,8.0,10.0,2.0,6.0,1.0,1.0,1.0,1.0,1.0,1.0,1.0,3.0,1.0,1.0,1.0,1.0,1.0,10.0,0.0,0.0,0.0,6.0,0.0,0.0,0.0,0.0,0.0,0.0,1.0,8.0,0.0,0.0,0.0,0.0,0.0,0.0,0.0,0.0,0.0,Trinidad and Tobago,0.0,10.0,0.0,0.0,0.0,0.0,0.0,0.0,0.0,0.0,0.0,0.0,0.0,0.0,0.0,0.0,10.0,0.0,0.0,10.0,0.0,0.0,10.0,0.0,3.0,0.0,0.0,0.0,0.0,0.0
121,3.0,10.0,10.0,9.0,8.0,10.0,10.0,10.0,9.0,6.0,6.0,10.0,10.0,10.0,10.0,10.0,4.0,6.0,7.0,8.0,4.0,3.0,3.0,3.0,3.0,3.0,3.0,3.0,3.0,5.0,10.0,10.0,10.0,7.0,7.0,4.0,0.0,0.0,0.0,7.0,0.0,0.0,0.0,0.0,0.0,0.0,1.0,10.0,0.0,0.0,1.0,0.0,0.0,0.0,2.0,0.0,0.0,Barbados,0.0,10.0,0.0,0.0,0.0,0.0,0.0,0.0,0.0,0.0,0.0,0.0,0.0,0.0,0.0,3.0,0.0,0.0,0.0,0.0,0.0,0.0,3.0,1.0,1.0,0.0,0.0,0.0,2.0,0.0
122,8.0,10.0,10.0,10.0,8.0,10.0,10.0,10.0,9.0,8.0,8.0,9.0,10.0,9.0,9.0,10.0,4.0,7.0,5.0,10.0,1.0,10.0,1.0,10.0,1.0,1.0,1.0,1.0,1.0,1.0,10.0,10.0,10.0,7.0,7.0,10.0,0.0,0.0,0.0,7.0,0.0,0.0,10.0,0.0,0.0,10.0,0.0,10.0,0.0,0.0,10.0,0.0,0.0,0.0,0.0,0.0,0.0,Equatorial Guinea,0.0,10.0,0.0,0.0,0.0,0.0,0.0,0.0,0.0,0.0,0.0,0.0,0.0,0.0,0.0,7.0,6.0,0.0,0.0,6.0,0.0,0.0,10.0,9.0,10.0,0.0,0.0,6.0,0.0,0.0
123,8.0,8.0,9.0,8.0,9.0,7.0,7.0,7.0,5.0,7.0,7.0,8.0,4.0,6.0,6.0,8.0,5.0,6.0,3.0,4.0,3.0,3.0,2.0,1.0,1.0,2.0,2.0,1.0,1.0,4.0,9.0,9.0,9.0,7.0,7.0,9.0,1.0,1.0,1.0,5.0,1.0,1.0,4.0,1.0,1.0,1.0,0.0,9.0,2.0,0.0,2.0,0.0,0.0,0.0,2.0,0.0,0.0,Maldives,0.0,0.0,0.0,0.0,0.0,0.0,0.0,0.0,0.0,0.0,0.0,0.0,0.0,0.0,0.0,3.0,4.0,0.0,0.0,4.0,0.0,0.0,6.0,0.0,2.0,2.0,0.0,0.0,2.0,0.0
124,7.0,9.0,9.0,7.0,8.0,9.0,9.0,9.0,7.0,6.0,6.0,9.0,9.0,7.0,7.0,7.0,7.0,6.0,7.0,2.0,3.0,1.0,1.0,1.0,1.0,1.0,1.0,1.0,1.0,3.0,2.0,2.0,2.0,2.0,2.0,0.0,0.0,0.0,0.0,0.0,0.0,0.0,0.0,0.0,0.0,9.0,6.0,5.0,0.0,0.0,0.0,0.0,0.0,0.0,0.0,0.0,0.0,Singapore,0.0,9.0,0.0,0.0,0.0,0.0,0.0,0.0,0.0,0.0,0.0,0.0,0.0,0.0,0.0,0.0,0.0,0.0,0.0,0.0,0.0,0.0,0.0,0.0,0.0,0.0,0.0,7.0,0.0,0.0
125,8.0,9.0,9.0,8.0,7.0,9.0,9.0,9.0,7.0,8.0,8.0,9.0,9.0,8.0,8.0,8.0,6.0,5.0,6.0,9.0,3.0,2.0,2.0,9.0,9.0,2.0,2.0,2.0,2.0,6.0,9.0,9.0,9.0,8.0,8.0,9.0,0.0,0.0,0.0,9.0,0.0,0.0,6.0,0.0,0.0,0.0,0.0,9.0,0.0,0.0,0.0,0.0,0.0,0.0,0.0,0.0,0.0,Antigua and Barbuda,0.0,9.0,0.0,0.0,0.0,0.0,0.0,0.0,0.0,0.0,0.0,0.0,0.0,0.0,0.0,0.0,3.0,0.0,0.0,3.0,0.0,5.0,3.0,0.0,6.0,0.0,0.0,1.0,0.0,0.0
126,7.0,9.0,9.0,8.0,8.0,4.0,4.0,4.0,6.0,8.0,8.0,9.0,9.0,6.0,6.0,6.0,6.0,5.0,4.0,9.0,1.0,0.0,0.0,0.0,0.0,0.0,0.0,0.0,0.0,0.0,1.0,1.0,1.0,1.0,1.0,5.0,0.0,0.0,0.0,0.0,0.0,0.0,0.0,0.0,0.0,0.0,9.0,0.0,0.0,0.0,9.0,0.0,0.0,0.0,0.0,0.0,0.0,Latvia,0.0,9.0,0.0,0.0,0.0,0.0,0.0,0.0,0.0,0.0,0.0,0.0,0.0,0.0,0.0,0.0,0.0,0.0,0.0,0.0,0.0,0.0,0.0,0.0,0.0,0.0,0.0,0.0,0.0,0.0
127,3.0,9.0,9.0,9.0,9.0,9.0,9.0,9.0,9.0,9.0,9.0,9.0,6.0,9.0,9.0,9.0,2.0,7.0,9.0,9.0,1.0,2.0,1.0,1.0,0.0,1.0,1.0,0.0,0.0,0.0,1.0,1.0,1.0,1.0,1.0,9.0,1.0,1.0,1.0,9.0,1.0,1.0,2.0,1.0,1.0,1.0,1.0,0.0,1.0,0.0,9.0,0.0,0.0,0.0,2.0,0.0,2.0,Eritrea,0.0,2.0,1.0,0.0,0.0,0.0,0.0,0.0,0.0,0.0,0.0,0.0,0.0,0.0,0.0,1.0,1.0,0.0,1.0,1.0,1.0,9.0,5.0,5.0,8.0,1.0,0.0,6.0,2.0,0.0
128,3.0,7.0,7.0,8.0,6.0,5.0,5.0,5.0,6.0,7.0,7.0,8.0,8.0,6.0,6.0,6.0,4.0,5.0,6.0,6.0,2.0,1.0,2.0,1.0,1.0,1.0,1.0,4.0,4.0,7.0,1.0,1.0,1.0,1.0,1.0,0.0,5.0,1.0,1.0,0.0,5.0,5.0,5.0,5.0,1.0,5.0,8.0,1.0,0.0,0.0,8.0,0.0,0.0,4.0,0.0,0.0,1.0,Luxembourg,0.0,8.0,0.0,0.0,0.0,0.0,0.0,0.0,0.0,0.0,0.0,0.0,0.0,0.0,0.0,3.0,0.0,0.0,0.0,0.0,4.0,0.0,4.0,4.0,4.0,0.0,0.0,3.0,0.0,0.0
129,1.0,8.0,8.0,8.0,8.0,4.0,4.0,4.0,7.0,7.0,7.0,8.0,8.0,3.0,3.0,5.0,5.0,6.0,2.0,7.0,0.0,0.0,0.0,0.0,0.0,0.0,0.0,0.0,0.0,3.0,0.0,0.0,0.0,0.0,0.0,1.0,0.0,0.0,0.0,0.0,0.0,0.0,0.0,0.0,0.0,0.0,6.0,1.0,0.0,0.0,1.0,0.0,0.0,0.0,0.0,0.0,0.0,Malta,0.0,8.0,0.0,0.0,0.0,0.0,0.0,0.0,0.0,0.0,0.0,0.0,0.0,0.0,0.0,0.0,0.0,0.0,0.0,0.0,0.0,0.0,0.0,0.0,0.0,0.0,0.0,0.0,0.0,0.0
130,2.0,8.0,7.0,7.0,8.0,7.0,7.0,7.0,5.0,8.0,6.0,8.0,8.0,4.0,4.0,5.0,2.0,4.0,3.0,6.0,1.0,0.0,0.0,8.0,8.0,0.0,0.0,0.0,0.0,0.0,8.0,8.0,8.0,6.0,6.0,5.0,0.0,0.0,0.0,2.0,0.0,0.0,3.0,0.0,0.0,8.0,0.0,8.0,0.0,0.0,0.0,0.0,0.0,0.0,0.0,0.0,0.0,Seychelles,0.0,8.0,0.0,0.0,0.0,0.0,0.0,0.0,0.0,0.0,0.0,0.0,0.0,0.0,0.0,0.0,0.0,0.0,0.0,0.0,0.0,0.0,1.0,0.0,0.0,0.0,0.0,0.0,0.0,0.0
131,7.0,8.0,8.0,8.0,6.0,8.0,8.0,8.0,8.0,8.0,8.0,8.0,6.0,8.0,8.0,8.0,7.0,8.0,8.0,8.0,3.0,6.0,3.0,8.0,8.0,5.0,2.0,2.0,2.0,7.0,8.0,8.0,8.0,8.0,8.0,8.0,1.0,3.0,1.0,8.0,8.0,1.0,8.0,8.0,1.0,8.0,1.0,8.0,3.0,0.0,8.0,8.0,8.0,0.0,5.0,0.0,8.0,Tuvalu,0.0,8.0,2.0,0.0,0.0,0.0,0.0,0.0,0.0,0.0,0.0,0.0,0.0,0.0,0.0,3.0,8.0,0.0,2.0,8.0,5.0,7.0,8.0,6.0,8.0,3.0,0.0,5.0,5.0,0.0
132,4.0,8.0,8.0,8.0,8.0,8.0,8.0,8.0,6.0,7.0,7.0,8.0,6.0,6.0,6.0,6.0,4.0,6.0,5.0,1.0,1.0,4.0,1.0,8.0,1.0,1.0,1.0,1.0,1.0,1.0,8.0,8.0,8.0,7.0,7.0,8.0,0.0,0.0,0.0,0.0,0.0,0.0,2.0,0.0,0.0,0.0,0.0,8.0,0.0,0.0,0.0,0.0,0.0,0.0,0.0,0.0,0.0,Bhutan,0.0,0.0,0.0,0.0,0.0,0.0,0.0,0.0,0.0,0.0,0.0,0.0,0.0,0.0,0.0,0.0,0.0,0.0,0.0,0.0,4.0,0.0,6.0,6.0,4.0,0.0,0.0,6.0,0.0,0.0
133,2.0,7.0,7.0,6.0,7.0,2.0,2.0,2.0,4.0,6.0,6.0,7.0,7.0,4.0,4.0,4.0,2.0,4.0,2.0,7.0,1.0,0.0,0.0,0.0,0.0,1.0,1.0,0.0,0.0,0.0,1.0,1.0,1.0,1.0,1.0,6.0,0.0,0.0,0.0,1.0,0.0,0.0,0.0,0.0,0.0,0.0,7.0,3.0,1.0,0.0,7.0,0.0,0.0,0.0,1.0,0.0,0.0,Estonia,0.0,7.0,1.0,0.0,0.0,0.0,0.0,0.0,0.0,0.0,0.0,0.0,0.0,0.0,0.0,1.0,1.0,0.0,1.0,1.0,0.0,0.0,1.0,0.0,1.0,1.0,0.0,0.0,1.0,0.0
134,5.0,7.0,7.0,7.0,5.0,6.0,6.0,6.0,6.0,7.0,7.0,7.0,7.0,7.0,7.0,6.0,4.0,4.0,6.0,3.0,3.0,3.0,3.0,3.0,3.0,3.0,3.0,3.0,3.0,4.0,0.0,0.0,0.0,0.0,0.0,4.0,0.0,0.0,0.0,0.0,0.0,0.0,0.0,0.0,0.0,7.0,7.0,3.0,4.0,0.0,4.0,0.0,0.0,0.0,5.0,0.0,0.0,Iceland,0.0,7.0,0.0,0.0,0.0,0.0,0.0,0.0,0.0,0.0,0.0,0.0,0.0,0.0,0.0,3.0,0.0,0.0,0.0,0.0,0.0,0.0,0.0,0.0,0.0,4.0,0.0,0.0,5.0,0.0
135,6.0,6.0,6.0,5.0,5.0,6.0,6.0,6.0,6.0,5.0,3.0,6.0,6.0,6.0,6.0,4.0,5.0,6.0,6.0,6.0,3.0,2.0,2.0,6.0,2.0,6.0,6.0,2.0,2.0,6.0,6.0,6.0,6.0,6.0,6.0,6.0,0.0,4.0,4.0,6.0,0.0,0.0,0.0,0.0,4.0,6.0,3.0,6.0,2.0,0.0,6.0,0.0,0.0,0.0,3.0,0.0,6.0,French Polynesia,0.0,6.0,3.0,0.0,0.0,0.0,0.0,0.0,0.0,0.0,0.0,0.0,0.0,0.0,0.0,5.0,5.0,0.0,3.0,5.0,0.0,6.0,6.0,4.0,1.0,2.0,0.0,3.0,3.0,0.0
136,3.0,6.0,6.0,6.0,6.0,6.0,6.0,6.0,6.0,5.0,5.0,6.0,3.0,6.0,6.0,6.0,2.0,5.0,6.0,6.0,3.0,3.0,3.0,6.0,3.0,3.0,3.0,3.0,3.0,3.0,6.0,6.0,6.0,4.0,4.0,6.0,0.0,0.0,0.0,6.0,0.0,0.0,6.0,0.0,0.0,0.0,0.0,6.0,3.0,0.0,3.0,0.0,0.0,0.0,3.0,0.0,3.0,Sao Tome and Principe,0.0,3.0,3.0,0.0,0.0,0.0,0.0,0.0,0.0,0.0,0.0,0.0,0.0,0.0,0.0,3.0,6.0,0.0,3.0,6.0,0.0,3.0,6.0,0.0,3.0,3.0,0.0,0.0,3.0,0.0
137,6.0,6.0,6.0,6.0,6.0,6.0,6.0,6.0,6.0,6.0,2.0,6.0,6.0,6.0,6.0,6.0,6.0,6.0,6.0,6.0,1.0,1.0,1.0,6.0,1.0,6.0,6.0,1.0,1.0,6.0,6.0,6.0,6.0,6.0,6.0,6.0,0.0,6.0,5.0,6.0,0.0,0.0,6.0,0.0,5.0,0.0,6.0,6.0,5.0,0.0,6.0,0.0,0.0,0.0,6.0,0.0,6.0,Guam,0.0,6.0,4.0,0.0,0.0,0.0,0.0,0.0,0.0,0.0,0.0,0.0,0.0,0.0,0.0,6.0,4.0,0.0,4.0,4.0,6.0,6.0,6.0,6.0,6.0,5.0,0.0,6.0,6.0,0.0
138,4.0,6.0,6.0,6.0,4.0,6.0,6.0,6.0,5.0,5.0,5.0,6.0,5.0,6.0,6.0,5.0,2.0,4.0,4.0,6.0,1.0,2.0,1.0,6.0,6.0,1.0,1.0,1.0,1.0,1.0,6.0,6.0,6.0,4.0,4.0,6.0,0.0,0.0,0.0,6.0,0.0,0.0,6.0,0.0,0.0,0.0,0.0,6.0,0.0,0.0,1.0,0.0,0.0,0.0,0.0,0.0,0.0,Grenada,0.0,0.0,0.0,0.0,0.0,0.0,0.0,0.0,0.0,0.0,0.0,0.0,0.0,0.0,0.0,0.0,6.0,0.0,0.0,6.0,0.0,0.0,6.0,0.0,1.0,0.0,0.0,1.0,0.0,0.0
139,6.0,6.0,6.0,6.0,5.0,6.0,6.0,6.0,6.0,6.0,6.0,6.0,6.0,6.0,6.0,6.0,5.0,5.0,6.0,6.0,4.0,4.0,4.0,4.0,6.0,6.0,4.0,4.0,4.0,6.0,6.0,6.0,6.0,6.0,6.0,4.0,0.0,2.0,2.0,6.0,0.0,0.0,1.0,0.0,2.0,6.0,2.0,6.0,0.0,0.0,6.0,6.0,4.0,0.0,6.0,0.0,6.0,Bermuda,0.0,6.0,0.0,0.0,0.0,0.0,0.0,0.0,0.0,0.0,0.0,0.0,0.0,0.0,0.0,4.0,6.0,0.0,0.0,6.0,4.0,6.0,6.0,6.0,5.0,0.0,0.0,6.0,6.0,0.0
140,5.0,5.0,5.0,4.0,5.0,5.0,5.0,5.0,2.0,5.0,5.0,5.0,1.0,5.0,5.0,2.0,3.0,3.0,5.0,5.0,1.0,1.0,0.0,5.0,5.0,0.0,0.0,0.0,0.0,3.0,5.0,5.0,5.0,5.0,5.0,5.0,0.0,0.0,0.0,2.0,0.0,0.0,5.0,0.0,0.0,5.0,0.0,5.0,0.0,0.0,5.0,0.0,0.0,0.0,0.0,0.0,5.0,Kiribati,0.0,5.0,0.0,0.0,0.0,0.0,0.0,0.0,0.0,0.0,0.0,0.0,0.0,0.0,0.0,0.0,0.0,0.0,0.0,0.0,0.0,1.0,1.0,1.0,1.0,0.0,0.0,1.0,0.0,0.0
141,5.0,5.0,5.0,3.0,5.0,5.0,5.0,5.0,0.0,4.0,4.0,5.0,5.0,5.0,5.0,0.0,0.0,2.0,0.0,5.0,2.0,0.0,0.0,0.0,0.0,0.0,0.0,0.0,0.0,0.0,2.0,2.0,2.0,3.0,2.0,0.0,0.0,0.0,0.0,5.0,0.0,0.0,0.0,0.0,0.0,0.0,5.0,0.0,0.0,0.0,0.0,0.0,0.0,0.0,0.0,0.0,0.0,Qatar,0.0,5.0,0.0,0.0,0.0,0.0,0.0,0.0,0.0,0.0,0.0,0.0,0.0,0.0,0.0,0.0,0.0,0.0,0.0,0.0,0.0,0.0,1.0,1.0,0.0,0.0,0.0,0.0,0.0,0.0
142,5.0,5.0,5.0,5.0,5.0,5.0,5.0,5.0,5.0,5.0,5.0,5.0,5.0,5.0,5.0,5.0,5.0,4.0,5.0,5.0,1.0,5.0,1.0,5.0,5.0,5.0,5.0,1.0,1.0,5.0,5.0,5.0,5.0,5.0,5.0,5.0,0.0,5.0,4.0,5.0,0.0,0.0,5.0,0.0,4.0,5.0,5.0,5.0,1.0,0.0,5.0,5.0,5.0,0.0,5.0,0.0,5.0,American Samoa,0.0,5.0,1.0,0.0,0.0,0.0,0.0,0.0,0.0,0.0,0.0,0.0,0.0,0.0,0.0,5.0,1.0,0.0,1.0,1.0,5.0,5.0,5.0,5.0,5.0,1.0,0.0,5.0,5.0,0.0
143,5.0,5.0,5.0,4.0,5.0,5.0,5.0,5.0,1.0,5.0,5.0,5.0,5.0,5.0,5.0,3.0,4.0,5.0,2.0,2.0,1.0,0.0,0.0,5.0,5.0,1.0,1.0,0.0,0.0,5.0,5.0,5.0,5.0,5.0,5.0,5.0,5.0,0.0,0.0,1.0,0.0,0.0,5.0,0.0,1.0,5.0,0.0,5.0,1.0,0.0,5.0,5.0,5.0,0.0,1.0,0.0,5.0,Palau,0.0,5.0,1.0,0.0,0.0,0.0,0.0,0.0,0.0,0.0,0.0,0.0,0.0,0.0,0.0,1.0,5.0,0.0,1.0,5.0,1.0,1.0,5.0,2.0,2.0,1.0,0.0,1.0,1.0,0.0
144,1.0,5.0,5.0,5.0,3.0,5.0,5.0,5.0,3.0,4.0,4.0,5.0,5.0,5.0,5.0,3.0,1.0,1.0,5.0,3.0,0.0,0.0,0.0,0.0,0.0,0.0,0.0,0.0,0.0,0.0,0.0,0.0,0.0,4.0,0.0,1.0,0.0,0.0,0.0,3.0,0.0,0.0,0.0,0.0,0.0,5.0,3.0,2.0,0.0,0.0,0.0,0.0,0.0,0.0,0.0,0.0,0.0,Bahrain,0.0,5.0,0.0,0.0,0.0,0.0,0.0,0.0,0.0,0.0,0.0,0.0,0.0,0.0,0.0,1.0,0.0,0.0,0.0,0.0,0.0,0.0,0.0,0.0,1.0,0.0,0.0,5.0,0.0,0.0
145,4.0,4.0,4.0,4.0,4.0,4.0,4.0,4.0,4.0,4.0,4.0,4.0,4.0,4.0,4.0,4.0,2.0,4.0,2.0,4.0,1.0,1.0,1.0,1.0,1.0,1.0,1.0,1.0,1.0,0.0,1.0,1.0,1.0,1.0,1.0,4.0,0.0,0.0,0.0,4.0,0.0,0.0,0.0,0.0,0.0,0.0,0.0,4.0,0.0,0.0,1.0,0.0,0.0,0.0,0.0,0.0,0.0,Suriname,0.0,4.0,0.0,0.0,0.0,0.0,0.0,0.0,0.0,0.0,0.0,0.0,0.0,0.0,0.0,0.0,2.0,0.0,0.0,2.0,0.0,0.0,2.0,2.0,1.0,0.0,0.0,0.0,0.0,0.0
146,2.0,4.0,4.0,3.0,4.0,4.0,4.0,4.0,2.0,3.0,3.0,4.0,4.0,2.0,2.0,3.0,1.0,4.0,2.0,4.0,1.0,0.0,0.0,0.0,0.0,0.0,0.0,0.0,0.0,0.0,1.0,1.0,1.0,1.0,1.0,2.0,0.0,0.0,0.0,2.0,0.0,0.0,0.0,0.0,0.0,0.0,4.0,0.0,0.0,0.0,0.0,0.0,0.0,0.0,0.0,0.0,0.0,Kuwait,0.0,4.0,0.0,0.0,0.0,0.0,0.0,0.0,0.0,0.0,0.0,0.0,0.0,0.0,0.0,0.0,0.0,0.0,0.0,0.0,0.0,0.0,0.0,0.0,0.0,0.0,0.0,2.0,0.0,0.0
147,1.0,4.0,4.0,4.0,3.0,2.0,2.0,2.0,4.0,4.0,4.0,4.0,4.0,3.0,4.0,4.0,1.0,2.0,4.0,3.0,0.0,0.0,0.0,0.0,0.0,0.0,0.0,0.0,0.0,2.0,0.0,0.0,0.0,0.0,0.0,1.0,0.0,0.0,0.0,0.0,0.0,0.0,0.0,0.0,0.0,0.0,4.0,0.0,0.0,0.0,4.0,0.0,0.0,0.0,0.0,0.0,0.0,Finland,0.0,4.0,0.0,0.0,0.0,0.0,0.0,0.0,0.0,0.0,0.0,0.0,0.0,0.0,0.0,0.0,0.0,0.0,0.0,0.0,0.0,0.0,0.0,0.0,0.0,0.0,0.0,0.0,0.0,0.0
148,4.0,4.0,4.0,4.0,4.0,3.0,3.0,3.0,4.0,4.0,4.0,4.0,4.0,4.0,4.0,4.0,4.0,2.0,4.0,4.0,0.0,2.0,0.0,4.0,0.0,0.0,0.0,0.0,0.0,1.0,0.0,0.0,0.0,4.0,0.0,4.0,0.0,0.0,0.0,4.0,0.0,0.0,4.0,0.0,0.0,0.0,0.0,0.0,0.0,0.0,4.0,0.0,0.0,0.0,0.0,0.0,2.0,Turkmenistan,0.0,0.0,0.0,0.0,0.0,0.0,0.0,0.0,0.0,0.0,0.0,0.0,0.0,0.0,0.0,0.0,0.0,0.0,0.0,0.0,0.0,4.0,4.0,4.0,2.0,0.0,0.0,3.0,0.0,0.0
149,4.0,4.0,4.0,4.0,4.0,4.0,4.0,4.0,4.0,4.0,4.0,4.0,4.0,4.0,4.0,4.0,4.0,4.0,4.0,4.0,2.0,2.0,2.0,4.0,2.0,4.0,4.0,2.0,2.0,4.0,4.0,4.0,4.0,4.0,4.0,4.0,0.0,2.0,2.0,4.0,0.0,0.0,0.0,0.0,2.0,0.0,1.0,4.0,1.0,0.0,4.0,0.0,0.0,0.0,1.0,0.0,4.0,New Caledonia,0.0,4.0,0.0,0.0,0.0,0.0,0.0,0.0,0.0,0.0,0.0,0.0,0.0,0.0,0.0,2.0,2.0,0.0,0.0,2.0,3.0,4.0,4.0,3.0,1.0,1.0,0.0,3.0,1.0,0.0
